{
  "freq_mhz": 1166.0,
  "kurtosis": 8.1154,
  "papr_db": 12.73,
  "mean_pwr_db": -43.66,
  "spectral_flatness": 0.9823,
  "sta_lta_max": 1.735,
  "sta_lta_triggers": 0,
  "pulse_count": 0,
  "pulses": [],
  "n_samples": 552000,
  "flagged": true,
  "flag_reasons": [
    "STA/LTA +22.1\u03c3 (1.74, 0 triggers)"
  ],
  "timestamp": "2026-03-13T15:19:21.887558+00:00",
  "iq_file": "captures/20260313_101921_1166.0MHz.iq",
  "sample_rate": 2400000,
  "baseline": {
    "kurtosis_median": 9.0204,
    "kurtosis_sigma": 1.70291436,
    "papr_median": 11.04,
    "papr_sigma": 0.5337359999999991,
    "flatness_median": 0.9837,
    "flatness_sigma": 0.0016308599999999849,
    "sta_lta_median": 1.08,
    "sta_lta_sigma": 0.029652000000000026,
    "n_channels": 137
  }
}