{
  "freq_mhz": 1124.0,
  "kurtosis": 9.1385,
  "papr_db": 13.25,
  "mean_pwr_db": -44.11,
  "spectral_flatness": 0.9841,
  "sta_lta_max": 1.06,
  "sta_lta_triggers": 0,
  "pulse_count": 1,
  "pulses": [
    {
      "offset_ms": 179.781,
      "width_us": 1.67,
      "peak_snr_db": "13.7"
    }
  ],
  "n_samples": 552000,
  "flagged": true,
  "flag_reasons": [
    "PAPR +4.1\u03c3 (13.2dB)",
    "1 pulses (\u22653 samples)"
  ],
  "timestamp": "2026-03-13T15:18:49.015664+00:00",
  "iq_file": "captures/20260313_101849_1124.0MHz.iq",
  "sample_rate": 2400000,
  "baseline": {
    "kurtosis_median": 9.0204,
    "kurtosis_sigma": 1.70291436,
    "papr_median": 11.04,
    "papr_sigma": 0.5337359999999991,
    "flatness_median": 0.9837,
    "flatness_sigma": 0.0016308599999999849,
    "sta_lta_median": 1.08,
    "sta_lta_sigma": 0.029652000000000026,
    "n_channels": 137
  }
}