{
  "freq_mhz": 1182.0,
  "kurtosis": 7.8633,
  "papr_db": 12.53,
  "mean_pwr_db": -43.67,
  "spectral_flatness": 0.982,
  "sta_lta_max": 1.5,
  "sta_lta_triggers": 0,
  "pulse_count": 0,
  "pulses": [],
  "n_samples": 552000,
  "flagged": true,
  "flag_reasons": [
    "STA/LTA +14.2\u03c3 (1.50, 0 triggers)"
  ],
  "timestamp": "2026-03-13T15:19:34.247412+00:00",
  "iq_file": "captures/20260313_101934_1182.0MHz.iq",
  "sample_rate": 2400000,
  "baseline": {
    "kurtosis_median": 9.0204,
    "kurtosis_sigma": 1.70291436,
    "papr_median": 11.04,
    "papr_sigma": 0.5337359999999991,
    "flatness_median": 0.9837,
    "flatness_sigma": 0.0016308599999999849,
    "sta_lta_median": 1.08,
    "sta_lta_sigma": 0.029652000000000026,
    "n_channels": 137
  }
}