{
  "freq_mhz": 1194.0,
  "kurtosis": 8.1049,
  "papr_db": 11.42,
  "mean_pwr_db": -43.82,
  "spectral_flatness": 0.9829,
  "sta_lta_max": 1.419,
  "sta_lta_triggers": 0,
  "pulse_count": 2,
  "pulses": [
    {
      "offset_ms": 45.142,
      "width_us": 1.25,
      "peak_snr_db": "11.1"
    },
    {
      "offset_ms": 161.577,
      "width_us": 1.25,
      "peak_snr_db": "9.9"
    }
  ],
  "n_samples": 552000,
  "flagged": true,
  "flag_reasons": [
    "STA/LTA +11.4\u03c3 (1.42, 0 triggers)",
    "2 pulses (\u22653 samples)"
  ],
  "timestamp": "2026-03-13T15:19:43.513593+00:00",
  "iq_file": "captures/20260313_101943_1194.0MHz.iq",
  "sample_rate": 2400000,
  "baseline": {
    "kurtosis_median": 9.0204,
    "kurtosis_sigma": 1.70291436,
    "papr_median": 11.04,
    "papr_sigma": 0.5337359999999991,
    "flatness_median": 0.9837,
    "flatness_sigma": 0.0016308599999999849,
    "sta_lta_median": 1.08,
    "sta_lta_sigma": 0.029652000000000026,
    "n_channels": 137
  }
}