{
  "freq_mhz": 638.0,
  "kurtosis": 6.0264,
  "papr_db": 14.22,
  "mean_pwr_db": -43.0,
  "spectral_flatness": 0.9791,
  "sta_lta_max": 1.329,
  "sta_lta_triggers": 0,
  "pulse_count": 1,
  "pulses": [
    {
      "offset_ms": 216.09,
      "width_us": 1.25,
      "peak_snr_db": "9.4"
    }
  ],
  "n_samples": 552000,
  "flagged": true,
  "flag_reasons": [
    "PAPR +6.0\u03c3 (14.2dB)",
    "STA/LTA +8.4\u03c3 (1.33, 0 triggers)",
    "1 pulses (\u22653 samples)"
  ],
  "timestamp": "2026-03-13T15:12:32.028586+00:00",
  "iq_file": "captures/20260313_101232_638.0MHz.iq",
  "sample_rate": 2400000,
  "baseline": {
    "kurtosis_median": 9.0204,
    "kurtosis_sigma": 1.70291436,
    "papr_median": 11.04,
    "papr_sigma": 0.5337359999999991,
    "flatness_median": 0.9837,
    "flatness_sigma": 0.0016308599999999849,
    "sta_lta_median": 1.08,
    "sta_lta_sigma": 0.029652000000000026,
    "n_channels": 137
  }
}