{
  "freq_mhz": 1042.0,
  "kurtosis": 9.0611,
  "papr_db": 11.39,
  "mean_pwr_db": -44.09,
  "spectral_flatness": 0.9843,
  "sta_lta_max": 1.064,
  "sta_lta_triggers": 0,
  "pulse_count": 2,
  "pulses": [
    {
      "offset_ms": 203.3,
      "width_us": 1.67,
      "peak_snr_db": "11.8"
    },
    {
      "offset_ms": 203.312,
      "width_us": 1.25,
      "peak_snr_db": "11.0"
    }
  ],
  "n_samples": 552000,
  "flagged": true,
  "flag_reasons": [
    "2 pulses (\u22653 samples)"
  ],
  "timestamp": "2026-03-13T15:17:45.040522+00:00",
  "iq_file": "captures/20260313_101745_1042.0MHz.iq",
  "sample_rate": 2400000,
  "baseline": {
    "kurtosis_median": 9.0204,
    "kurtosis_sigma": 1.70291436,
    "papr_median": 11.04,
    "papr_sigma": 0.5337359999999991,
    "flatness_median": 0.9837,
    "flatness_sigma": 0.0016308599999999849,
    "sta_lta_median": 1.08,
    "sta_lta_sigma": 0.029652000000000026,
    "n_channels": 137
  }
}