{
  "freq_mhz": 1316.0,
  "kurtosis": 9.6747,
  "papr_db": 10.94,
  "mean_pwr_db": -44.19,
  "spectral_flatness": 0.9846,
  "sta_lta_max": 1.07,
  "sta_lta_triggers": 0,
  "pulse_count": 1,
  "pulses": [
    {
      "offset_ms": 171.081,
      "width_us": 1.25,
      "peak_snr_db": "9.0"
    }
  ],
  "n_samples": 552000,
  "flagged": true,
  "flag_reasons": [
    "1 pulses (\u22653 samples)"
  ],
  "timestamp": "2026-03-13T15:21:18.249512+00:00",
  "iq_file": "captures/20260313_102118_1316.0MHz.iq",
  "sample_rate": 2400000,
  "baseline": {
    "kurtosis_median": 9.0204,
    "kurtosis_sigma": 1.70291436,
    "papr_median": 11.04,
    "papr_sigma": 0.5337359999999991,
    "flatness_median": 0.9837,
    "flatness_sigma": 0.0016308599999999849,
    "sta_lta_median": 1.08,
    "sta_lta_sigma": 0.029652000000000026,
    "n_channels": 137
  }
}