{
  "freq_mhz": 500.0,
  "kurtosis": 4.0595,
  "papr_db": 13.83,
  "mean_pwr_db": -37.07,
  "spectral_flatness": 0.8327,
  "sta_lta_max": 1.611,
  "sta_lta_triggers": 0,
  "pulse_count": 3,
  "pulses": [
    {
      "offset_ms": 15.494,
      "width_us": 1.25,
      "peak_snr_db": "12.4"
    },
    {
      "offset_ms": 144.002,
      "width_us": 1.25,
      "peak_snr_db": "12.9"
    },
    {
      "offset_ms": 197.815,
      "width_us": 1.25,
      "peak_snr_db": "12.3"
    }
  ],
  "n_samples": 552000,
  "flagged": true,
  "flag_reasons": [
    "PAPR +5.2\u03c3 (13.8dB)",
    "flatness -92.6\u03c3 (0.8327)",
    "STA/LTA +17.9\u03c3 (1.61, 0 triggers)",
    "3 pulses (\u22653 samples)"
  ],
  "timestamp": "2026-03-13T15:10:41.933245+00:00",
  "iq_file": "captures/20260313_101041_500.0MHz.iq",
  "sample_rate": 2400000,
  "baseline": {
    "kurtosis_median": 9.0204,
    "kurtosis_sigma": 1.70291436,
    "papr_median": 11.04,
    "papr_sigma": 0.5337359999999991,
    "flatness_median": 0.9837,
    "flatness_sigma": 0.0016308599999999849,
    "sta_lta_median": 1.08,
    "sta_lta_sigma": 0.029652000000000026,
    "n_channels": 137
  }
}