{
  "freq_mhz": 1754.0,
  "kurtosis": 10.6366,
  "papr_db": 11.1,
  "mean_pwr_db": -44.34,
  "spectral_flatness": 0.9848,
  "sta_lta_max": 1.07,
  "sta_lta_triggers": 0,
  "pulse_count": 3,
  "pulses": [
    {
      "offset_ms": 38.25,
      "width_us": 1.25,
      "peak_snr_db": "7.3"
    },
    {
      "offset_ms": 120.448,
      "width_us": 1.25,
      "peak_snr_db": "7.3"
    },
    {
      "offset_ms": 121.667,
      "width_us": 1.25,
      "peak_snr_db": "7.3"
    }
  ],
  "n_samples": 552000,
  "flagged": true,
  "flag_reasons": [
    "3 pulses (\u22653 samples)"
  ],
  "timestamp": "2026-03-13T15:26:58.597986+00:00",
  "iq_file": "captures/20260313_102658_1754.0MHz.iq",
  "sample_rate": 2400000,
  "baseline": {
    "kurtosis_median": 9.0204,
    "kurtosis_sigma": 1.70291436,
    "papr_median": 11.04,
    "papr_sigma": 0.5337359999999991,
    "flatness_median": 0.9837,
    "flatness_sigma": 0.0016308599999999849,
    "sta_lta_median": 1.08,
    "sta_lta_sigma": 0.029652000000000026,
    "n_channels": 137
  }
}