{
  "freq_mhz": 868.0,
  "kurtosis": 7.8371,
  "papr_db": 11.41,
  "mean_pwr_db": -43.81,
  "spectral_flatness": 0.9873,
  "sta_lta_max": 1.21,
  "sta_lta_triggers": 0,
  "pulse_count": 3,
  "pulses": [
    {
      "offset_ms": 4.648,
      "width_us": 1.25,
      "peak_snr_db": "10.8"
    },
    {
      "offset_ms": 25.793,
      "width_us": 1.25,
      "peak_snr_db": "9.3"
    },
    {
      "offset_ms": 66.12,
      "width_us": 1.25,
      "peak_snr_db": "9.9"
    }
  ],
  "n_samples": 552000,
  "flagged": true,
  "flag_reasons": [
    "STA/LTA +4.4\u03c3 (1.21, 0 triggers)",
    "3 pulses (\u22653 samples)"
  ],
  "timestamp": "2026-03-13T15:15:31.308469+00:00",
  "iq_file": "captures/20260313_101531_868.0MHz.iq",
  "sample_rate": 2400000,
  "baseline": {
    "kurtosis_median": 9.0204,
    "kurtosis_sigma": 1.70291436,
    "papr_median": 11.04,
    "papr_sigma": 0.5337359999999991,
    "flatness_median": 0.9837,
    "flatness_sigma": 0.0016308599999999849,
    "sta_lta_median": 1.08,
    "sta_lta_sigma": 0.029652000000000026,
    "n_channels": 137
  }
}