{
  "freq_mhz": 506.0,
  "kurtosis": 4.4364,
  "papr_db": 13.86,
  "mean_pwr_db": -36.65,
  "spectral_flatness": 0.8467,
  "sta_lta_max": 1.838,
  "sta_lta_triggers": 0,
  "pulse_count": 1,
  "pulses": [
    {
      "offset_ms": 185.896,
      "width_us": 1.25,
      "peak_snr_db": "12.1"
    }
  ],
  "n_samples": 552000,
  "flagged": true,
  "flag_reasons": [
    "PAPR +5.3\u03c3 (13.9dB)",
    "flatness -84.0\u03c3 (0.8467)",
    "STA/LTA +25.6\u03c3 (1.84, 0 triggers)",
    "1 pulses (\u22653 samples)"
  ],
  "timestamp": "2026-03-13T15:10:46.687443+00:00",
  "iq_file": "captures/20260313_101046_506.0MHz.iq",
  "sample_rate": 2400000,
  "baseline": {
    "kurtosis_median": 9.0204,
    "kurtosis_sigma": 1.70291436,
    "papr_median": 11.04,
    "papr_sigma": 0.5337359999999991,
    "flatness_median": 0.9837,
    "flatness_sigma": 0.0016308599999999849,
    "sta_lta_median": 1.08,
    "sta_lta_sigma": 0.029652000000000026,
    "n_channels": 137
  }
}