{
  "freq_mhz": 660.0,
  "kurtosis": 5.205,
  "papr_db": 13.5,
  "mean_pwr_db": -42.66,
  "spectral_flatness": 0.9775,
  "sta_lta_max": 1.464,
  "sta_lta_triggers": 0,
  "pulse_count": 0,
  "pulses": [],
  "n_samples": 552000,
  "flagged": true,
  "flag_reasons": [
    "PAPR +4.6\u03c3 (13.5dB)",
    "flatness -3.8\u03c3 (0.9775)",
    "STA/LTA +13.0\u03c3 (1.46, 0 triggers)"
  ],
  "timestamp": "2026-03-13T15:12:49.373791+00:00",
  "iq_file": "captures/20260313_101249_660.0MHz.iq",
  "sample_rate": 2400000,
  "baseline": {
    "kurtosis_median": 9.0204,
    "kurtosis_sigma": 1.70291436,
    "papr_median": 11.04,
    "papr_sigma": 0.5337359999999991,
    "flatness_median": 0.9837,
    "flatness_sigma": 0.0016308599999999849,
    "sta_lta_median": 1.08,
    "sta_lta_sigma": 0.029652000000000026,
    "n_channels": 137
  }
}