{
  "freq_mhz": 1164.0,
  "kurtosis": 8.0718,
  "papr_db": 14.14,
  "mean_pwr_db": -43.64,
  "spectral_flatness": 0.9821,
  "sta_lta_max": 1.521,
  "sta_lta_triggers": 0,
  "pulse_count": 1,
  "pulses": [
    {
      "offset_ms": 34.694,
      "width_us": 1.25,
      "peak_snr_db": "10.6"
    }
  ],
  "n_samples": 552000,
  "flagged": true,
  "flag_reasons": [
    "PAPR +5.8\u03c3 (14.1dB)",
    "STA/LTA +14.9\u03c3 (1.52, 0 triggers)",
    "1 pulses (\u22653 samples)"
  ],
  "timestamp": "2026-03-13T15:19:20.342716+00:00",
  "iq_file": "captures/20260313_101920_1164.0MHz.iq",
  "sample_rate": 2400000,
  "baseline": {
    "kurtosis_median": 9.0204,
    "kurtosis_sigma": 1.70291436,
    "papr_median": 11.04,
    "papr_sigma": 0.5337359999999991,
    "flatness_median": 0.9837,
    "flatness_sigma": 0.0016308599999999849,
    "sta_lta_median": 1.08,
    "sta_lta_sigma": 0.029652000000000026,
    "n_channels": 137
  }
}