{
  "freq_mhz": 1160.0,
  "kurtosis": 5.9595,
  "papr_db": 12.29,
  "mean_pwr_db": -42.9,
  "spectral_flatness": 0.98,
  "sta_lta_max": 1.424,
  "sta_lta_triggers": 0,
  "pulse_count": 2,
  "pulses": [
    {
      "offset_ms": 28.85,
      "width_us": 1.25,
      "peak_snr_db": "10.0"
    },
    {
      "offset_ms": 191.402,
      "width_us": 1.25,
      "peak_snr_db": "9.2"
    }
  ],
  "n_samples": 552000,
  "flagged": true,
  "flag_reasons": [
    "STA/LTA +11.6\u03c3 (1.42, 0 triggers)",
    "2 pulses (\u22653 samples)"
  ],
  "timestamp": "2026-03-13T15:19:17.250632+00:00",
  "iq_file": "captures/20260313_101917_1160.0MHz.iq",
  "sample_rate": 2400000,
  "baseline": {
    "kurtosis_median": 9.0204,
    "kurtosis_sigma": 1.70291436,
    "papr_median": 11.04,
    "papr_sigma": 0.5337359999999991,
    "flatness_median": 0.9837,
    "flatness_sigma": 0.0016308599999999849,
    "sta_lta_median": 1.08,
    "sta_lta_sigma": 0.029652000000000026,
    "n_channels": 137
  }
}