{
  "freq_mhz": 724.0,
  "kurtosis": 6.7663,
  "papr_db": 12.93,
  "mean_pwr_db": -43.31,
  "spectral_flatness": 0.982,
  "sta_lta_max": 1.106,
  "sta_lta_triggers": 0,
  "pulse_count": 2,
  "pulses": [
    {
      "offset_ms": 125.655,
      "width_us": 1.25,
      "peak_snr_db": "8.9"
    },
    {
      "offset_ms": 152.154,
      "width_us": 1.25,
      "peak_snr_db": "10.3"
    }
  ],
  "n_samples": 552000,
  "flagged": true,
  "flag_reasons": [
    "PAPR +3.5\u03c3 (12.9dB)",
    "2 pulses (\u22653 samples)"
  ],
  "timestamp": "2026-03-13T15:13:40.074303+00:00",
  "iq_file": "captures/20260313_101340_724.0MHz.iq",
  "sample_rate": 2400000,
  "baseline": {
    "kurtosis_median": 9.0204,
    "kurtosis_sigma": 1.70291436,
    "papr_median": 11.04,
    "papr_sigma": 0.5337359999999991,
    "flatness_median": 0.9837,
    "flatness_sigma": 0.0016308599999999849,
    "sta_lta_median": 1.08,
    "sta_lta_sigma": 0.029652000000000026,
    "n_channels": 137
  }
}