{
  "freq_mhz": 1180.0,
  "kurtosis": 7.6721,
  "papr_db": 13.05,
  "mean_pwr_db": -43.65,
  "spectral_flatness": 0.9823,
  "sta_lta_max": 1.482,
  "sta_lta_triggers": 0,
  "pulse_count": 3,
  "pulses": [
    {
      "offset_ms": 91.417,
      "width_us": 1.25,
      "peak_snr_db": "9.8"
    },
    {
      "offset_ms": 113.545,
      "width_us": 1.25,
      "peak_snr_db": "10.6"
    },
    {
      "offset_ms": 229.479,
      "width_us": 1.25,
      "peak_snr_db": "9.8"
    }
  ],
  "n_samples": 552000,
  "flagged": true,
  "flag_reasons": [
    "PAPR +3.8\u03c3 (13.1dB)",
    "STA/LTA +13.6\u03c3 (1.48, 0 triggers)",
    "3 pulses (\u22653 samples)"
  ],
  "timestamp": "2026-03-13T15:19:32.706095+00:00",
  "iq_file": "captures/20260313_101932_1180.0MHz.iq",
  "sample_rate": 2400000,
  "baseline": {
    "kurtosis_median": 9.0204,
    "kurtosis_sigma": 1.70291436,
    "papr_median": 11.04,
    "papr_sigma": 0.5337359999999991,
    "flatness_median": 0.9837,
    "flatness_sigma": 0.0016308599999999849,
    "sta_lta_median": 1.08,
    "sta_lta_sigma": 0.029652000000000026,
    "n_channels": 137
  }
}