{
  "freq_mhz": 512.0,
  "kurtosis": 3.3405,
  "papr_db": 11.6,
  "mean_pwr_db": -27.06,
  "spectral_flatness": 0.3569,
  "sta_lta_max": 1.214,
  "sta_lta_triggers": 0,
  "pulse_count": 1,
  "pulses": [
    {
      "offset_ms": 212.647,
      "width_us": 1.25,
      "peak_snr_db": "11.4"
    }
  ],
  "n_samples": 552000,
  "flagged": true,
  "flag_reasons": [
    "flatness -384.3\u03c3 (0.3569)",
    "STA/LTA +4.5\u03c3 (1.21, 0 triggers)",
    "1 pulses (\u22653 samples)"
  ],
  "timestamp": "2026-03-13T15:10:51.533865+00:00",
  "iq_file": "captures/20260313_101051_512.0MHz.iq",
  "sample_rate": 2400000,
  "baseline": {
    "kurtosis_median": 9.0204,
    "kurtosis_sigma": 1.70291436,
    "papr_median": 11.04,
    "papr_sigma": 0.5337359999999991,
    "flatness_median": 0.9837,
    "flatness_sigma": 0.0016308599999999849,
    "sta_lta_median": 1.08,
    "sta_lta_sigma": 0.029652000000000026,
    "n_channels": 137
  }
}