{
  "freq_mhz": 602.0,
  "kurtosis": 4.5557,
  "papr_db": 13.48,
  "mean_pwr_db": -40.62,
  "spectral_flatness": 0.9611,
  "sta_lta_max": 1.276,
  "sta_lta_triggers": 0,
  "pulse_count": 0,
  "pulses": [],
  "n_samples": 552000,
  "flagged": true,
  "flag_reasons": [
    "PAPR +4.6\u03c3 (13.5dB)",
    "flatness -13.9\u03c3 (0.9611)",
    "STA/LTA +6.6\u03c3 (1.28, 0 triggers)"
  ],
  "timestamp": "2026-03-13T15:12:03.606676+00:00",
  "iq_file": "captures/20260313_101203_602.0MHz.iq",
  "sample_rate": 2400000,
  "baseline": {
    "kurtosis_median": 9.0204,
    "kurtosis_sigma": 1.70291436,
    "papr_median": 11.04,
    "papr_sigma": 0.5337359999999991,
    "flatness_median": 0.9837,
    "flatness_sigma": 0.0016308599999999849,
    "sta_lta_median": 1.08,
    "sta_lta_sigma": 0.029652000000000026,
    "n_channels": 137
  }
}