{
  "freq_mhz": 930.0,
  "kurtosis": 2.0388,
  "papr_db": 6.54,
  "mean_pwr_db": -31.24,
  "spectral_flatness": 0.0522,
  "sta_lta_max": 2.923,
  "sta_lta_triggers": 0,
  "pulse_count": 0,
  "pulses": [],
  "n_samples": 552000,
  "flagged": true,
  "flag_reasons": [
    "flatness -571.2\u03c3 (0.0522)",
    "STA/LTA +62.2\u03c3 (2.92, 0 triggers)"
  ],
  "timestamp": "2026-03-13T15:16:19.052107+00:00",
  "iq_file": "captures/20260313_101619_930.0MHz.iq",
  "sample_rate": 2400000,
  "baseline": {
    "kurtosis_median": 9.0204,
    "kurtosis_sigma": 1.70291436,
    "papr_median": 11.04,
    "papr_sigma": 0.5337359999999991,
    "flatness_median": 0.9837,
    "flatness_sigma": 0.0016308599999999849,
    "sta_lta_median": 1.08,
    "sta_lta_sigma": 0.029652000000000026,
    "n_channels": 137
  }
}