{
  "freq_mhz": 1464.0,
  "kurtosis": 10.0568,
  "papr_db": 11.55,
  "mean_pwr_db": -44.26,
  "spectral_flatness": 0.9853,
  "sta_lta_max": 1.064,
  "sta_lta_triggers": 0,
  "pulse_count": 1,
  "pulses": [
    {
      "offset_ms": 119.089,
      "width_us": 1.25,
      "peak_snr_db": "7.3"
    }
  ],
  "n_samples": 552000,
  "flagged": true,
  "flag_reasons": [
    "1 pulses (\u22653 samples)"
  ],
  "timestamp": "2026-03-13T15:23:13.555338+00:00",
  "iq_file": "captures/20260313_102313_1464.0MHz.iq",
  "sample_rate": 2400000,
  "baseline": {
    "kurtosis_median": 9.0204,
    "kurtosis_sigma": 1.70291436,
    "papr_median": 11.04,
    "papr_sigma": 0.5337359999999991,
    "flatness_median": 0.9837,
    "flatness_sigma": 0.0016308599999999849,
    "sta_lta_median": 1.08,
    "sta_lta_sigma": 0.029652000000000026,
    "n_channels": 137
  }
}