{
  "freq_mhz": 1202.0,
  "kurtosis": 8.388,
  "papr_db": 11.27,
  "mean_pwr_db": -43.96,
  "spectral_flatness": 0.984,
  "sta_lta_max": 1.211,
  "sta_lta_triggers": 0,
  "pulse_count": 0,
  "pulses": [],
  "n_samples": 552000,
  "flagged": true,
  "flag_reasons": [
    "STA/LTA +4.4\u03c3 (1.21, 0 triggers)"
  ],
  "timestamp": "2026-03-13T15:19:49.705658+00:00",
  "iq_file": "captures/20260313_101949_1202.0MHz.iq",
  "sample_rate": 2400000,
  "baseline": {
    "kurtosis_median": 9.0204,
    "kurtosis_sigma": 1.70291436,
    "papr_median": 11.04,
    "papr_sigma": 0.5337359999999991,
    "flatness_median": 0.9837,
    "flatness_sigma": 0.0016308599999999849,
    "sta_lta_median": 1.08,
    "sta_lta_sigma": 0.029652000000000026,
    "n_channels": 137
  }
}