{
  "freq_mhz": 502.0,
  "kurtosis": 5.0827,
  "papr_db": 13.9,
  "mean_pwr_db": -38.49,
  "spectral_flatness": 0.9625,
  "sta_lta_max": 2.037,
  "sta_lta_triggers": 0,
  "pulse_count": 2,
  "pulses": [
    {
      "offset_ms": 130.654,
      "width_us": 1.25,
      "peak_snr_db": "13.1"
    },
    {
      "offset_ms": 138.085,
      "width_us": 1.25,
      "peak_snr_db": "11.0"
    }
  ],
  "n_samples": 552000,
  "flagged": true,
  "flag_reasons": [
    "PAPR +5.4\u03c3 (13.9dB)",
    "flatness -13.0\u03c3 (0.9625)",
    "STA/LTA +32.3\u03c3 (2.04, 0 triggers)",
    "2 pulses (\u22653 samples)"
  ],
  "timestamp": "2026-03-13T15:10:43.523058+00:00",
  "iq_file": "captures/20260313_101043_502.0MHz.iq",
  "sample_rate": 2400000,
  "baseline": {
    "kurtosis_median": 9.0204,
    "kurtosis_sigma": 1.70291436,
    "papr_median": 11.04,
    "papr_sigma": 0.5337359999999991,
    "flatness_median": 0.9837,
    "flatness_sigma": 0.0016308599999999849,
    "sta_lta_median": 1.08,
    "sta_lta_sigma": 0.029652000000000026,
    "n_channels": 137
  }
}