{
  "freq_mhz": 1430.0,
  "kurtosis": 9.6788,
  "papr_db": 10.94,
  "mean_pwr_db": -44.2,
  "spectral_flatness": 0.9847,
  "sta_lta_max": 1.086,
  "sta_lta_triggers": 0,
  "pulse_count": 2,
  "pulses": [
    {
      "offset_ms": 51.69,
      "width_us": 1.25,
      "peak_snr_db": "7.2"
    },
    {
      "offset_ms": 168.006,
      "width_us": 1.25,
      "peak_snr_db": "7.2"
    }
  ],
  "n_samples": 552000,
  "flagged": true,
  "flag_reasons": [
    "2 pulses (\u22653 samples)"
  ],
  "timestamp": "2026-03-13T15:22:46.784933+00:00",
  "iq_file": "captures/20260313_102246_1430.0MHz.iq",
  "sample_rate": 2400000,
  "baseline": {
    "kurtosis_median": 9.0204,
    "kurtosis_sigma": 1.70291436,
    "papr_median": 11.04,
    "papr_sigma": 0.5337359999999991,
    "flatness_median": 0.9837,
    "flatness_sigma": 0.0016308599999999849,
    "sta_lta_median": 1.08,
    "sta_lta_sigma": 0.029652000000000026,
    "n_channels": 137
  }
}