{
  "freq_mhz": 1162.0,
  "kurtosis": 7.82,
  "papr_db": 12.73,
  "mean_pwr_db": -43.53,
  "spectral_flatness": 0.9828,
  "sta_lta_max": 1.723,
  "sta_lta_triggers": 0,
  "pulse_count": 3,
  "pulses": [
    {
      "offset_ms": 67.32,
      "width_us": 1.25,
      "peak_snr_db": "9.9"
    },
    {
      "offset_ms": 113.663,
      "width_us": 1.25,
      "peak_snr_db": "10.5"
    },
    {
      "offset_ms": 207.515,
      "width_us": 1.25,
      "peak_snr_db": "9.1"
    }
  ],
  "n_samples": 552000,
  "flagged": true,
  "flag_reasons": [
    "STA/LTA +21.7\u03c3 (1.72, 0 triggers)",
    "3 pulses (\u22653 samples)"
  ],
  "timestamp": "2026-03-13T15:19:18.809525+00:00",
  "iq_file": "captures/20260313_101918_1162.0MHz.iq",
  "sample_rate": 2400000,
  "baseline": {
    "kurtosis_median": 9.0204,
    "kurtosis_sigma": 1.70291436,
    "papr_median": 11.04,
    "papr_sigma": 0.5337359999999991,
    "flatness_median": 0.9837,
    "flatness_sigma": 0.0016308599999999849,
    "sta_lta_median": 1.08,
    "sta_lta_sigma": 0.029652000000000026,
    "n_channels": 137
  }
}