{
  "freq_mhz": 1146.0,
  "kurtosis": 6.9921,
  "papr_db": 11.14,
  "mean_pwr_db": -43.55,
  "spectral_flatness": 0.9819,
  "sta_lta_max": 1.272,
  "sta_lta_triggers": 0,
  "pulse_count": 1,
  "pulses": [
    {
      "offset_ms": 196.241,
      "width_us": 2.08,
      "peak_snr_db": "10.4"
    }
  ],
  "n_samples": 552000,
  "flagged": true,
  "flag_reasons": [
    "STA/LTA +6.5\u03c3 (1.27, 0 triggers)",
    "1 pulses (\u22653 samples)"
  ],
  "timestamp": "2026-03-13T15:19:06.354163+00:00",
  "iq_file": "captures/20260313_101906_1146.0MHz.iq",
  "sample_rate": 2400000,
  "baseline": {
    "kurtosis_median": 9.0204,
    "kurtosis_sigma": 1.70291436,
    "papr_median": 11.04,
    "papr_sigma": 0.5337359999999991,
    "flatness_median": 0.9837,
    "flatness_sigma": 0.0016308599999999849,
    "sta_lta_median": 1.08,
    "sta_lta_sigma": 0.029652000000000026,
    "n_channels": 137
  }
}