{
  "file": "captures/live_830MHz_165416.iq",
  "freq_mhz": 830.0,
  "n_samples": 1200000,
  "duration_ms": 500.0,
  "kurtosis": 136.406,
  "papr_db": 25.6,
  "pulse_count": 425,
  "prf_hz": 240000.0,
  "duty_cycle": 0.002706,
  "threshold": 0.01675,
  "pulse_widths_us": [
    1.25,
    3.75,
    2.5,
    2.92,
    2.08,
    1.25,
    1.67,
    2.08,
    2.5,
    2.08,
    1.25,
    7.92,
    2.08,
    2.5,
    1.67,
    3.33,
    1.67,
    5.0,
    2.5,
    2.5,
    3.33,
    1.25,
    2.92,
    1.67,
    1.67,
    3.33,
    2.08,
    2.5,
    1.25,
    1.67,
    2.08,
    2.08,
    5.0,
    2.08,
    1.67,
    1.25,
    1.67,
    1.25,
    4.17,
    6.67,
    3.33,
    1.67,
    3.75,
    3.75,
    1.25,
    2.5,
    1.67,
    2.92,
    1.67,
    2.08,
    2.5,
    1.25,
    5.0,
    1.25,
    3.33,
    1.25,
    1.67,
    1.67,
    2.08,
    2.5,
    2.08,
    1.67,
    5.42,
    2.08,
    4.58,
    2.08,
    2.08,
    2.08,
    2.08,
    2.5,
    3.33,
    4.58,
    2.08,
    1.67,
    2.92,
    6.67,
    2.92,
    1.67,
    1.67,
    2.92,
    1.25,
    1.67,
    1.67,
    2.08,
    2.08,
    3.33,
    1.67,
    3.33,
    2.5,
    1.25,
    2.92,
    1.67,
    4.58,
    2.92,
    1.25,
    2.08,
    3.33,
    7.08,
    2.5,
    2.92,
    1.67,
    1.25,
    1.67,
    2.08,
    3.75,
    1.67,
    1.25,
    1.25,
    1.25,
    3.75,
    1.67,
    4.17,
    1.67,
    2.5,
    3.33,
    5.0,
    2.5,
    2.5,
    1.25,
    2.92,
    2.92,
    4.17,
    1.25,
    1.25,
    2.5,
    1.25,
    3.33,
    2.92,
    5.83,
    3.75,
    1.67,
    1.25,
    1.67,
    1.67,
    5.42,
    2.08,
    1.25,
    2.92,
    6.67,
    1.67,
    4.58,
    2.92,
    1.25,
    2.08,
    2.08,
    2.92,
    2.08,
    2.5,
    1.67,
    2.5,
    1.67,
    2.92,
    5.0,
    4.58,
    4.17,
    1.25,
    2.5,
    4.17,
    1.25,
    1.67,
    2.08,
    2.08,
    1.25,
    2.92,
    2.5,
    2.08,
    2.5,
    1.67,
    5.42,
    3.75,
    3.33,
    1.25,
    1.25,
    7.08,
    4.17,
    2.08,
    5.83,
    1.25,
    5.42,
    2.08,
    5.0,
    4.58,
    3.33,
    5.0,
    3.75,
    1.25,
    3.33,
    2.5,
    7.5,
    2.08,
    2.08,
    1.67,
    2.5,
    10.42,
    4.17,
    1.25,
    1.25,
    5.0,
    2.5,
    1.25,
    1.25,
    2.5,
    8.33,
    2.92,
    2.92,
    4.58,
    9.58,
    9.58,
    1.67,
    4.17,
    2.08,
    1.67,
    1.25,
    2.5,
    1.67,
    1.25,
    2.08,
    5.83,
    2.92,
    5.42,
    3.75,
    15.42,
    1.67,
    6.25,
    1.67,
    2.5,
    2.92,
    2.08,
    1.67,
    3.33,
    7.08,
    3.33,
    2.5,
    5.83,
    2.08,
    1.25,
    2.5,
    1.67,
    1.25,
    4.17,
    1.25,
    3.33,
    5.42,
    7.92,
    2.08,
    5.42,
    1.25,
    2.92,
    3.75,
    2.5,
    2.5,
    6.67,
    2.08,
    2.08,
    2.08,
    3.75,
    9.58,
    1.25,
    2.92,
    12.08,
    2.08,
    1.25,
    1.25,
    6.67,
    2.92,
    1.25,
    1.25,
    2.5,
    2.08,
    2.92,
    1.25,
    2.5,
    1.25,
    1.67,
    2.5,
    2.08,
    1.25,
    3.33,
    4.17,
    7.92,
    3.75,
    2.08,
    3.33,
    1.25,
    9.58,
    2.92,
    3.33,
    1.25,
    2.5,
    3.33,
    1.25,
    6.25,
    1.67,
    5.0,
    4.17,
    7.5,
    4.17,
    3.33,
    6.67,
    1.67,
    5.42,
    2.08,
    1.67,
    4.17,
    1.67,
    5.42,
    3.33,
    5.42,
    15.83,
    1.67,
    2.08,
    2.5,
    5.83,
    1.67,
    1.25,
    4.17,
    6.67,
    2.5,
    2.5,
    2.08,
    2.08,
    2.5,
    8.75,
    2.08,
    1.67,
    1.25,
    7.5,
    1.25,
    5.42,
    1.25,
    5.42,
    5.83,
    3.75,
    2.5,
    2.5,
    1.25,
    4.58,
    2.5,
    7.5,
    7.5,
    2.92,
    1.25,
    2.08,
    2.08,
    5.42,
    5.42,
    2.08,
    1.25,
    2.5,
    1.25,
    2.08,
    4.17,
    1.25,
    9.17,
    1.25,
    2.5,
    7.92,
    3.33,
    5.0,
    2.5,
    5.42,
    3.33,
    1.25,
    7.08,
    1.67,
    2.92,
    1.25,
    5.42,
    4.17,
    5.42,
    1.67,
    4.17,
    1.67,
    2.08,
    1.25,
    1.67,
    9.17,
    10.0,
    5.42,
    1.25,
    2.5,
    3.33,
    1.67,
    2.08,
    1.25,
    1.67,
    17.5,
    2.5,
    3.33,
    2.92,
    8.75,
    12.5,
    1.25,
    4.17,
    3.33,
    8.33,
    4.17,
    7.08,
    4.17,
    1.67,
    1.25,
    3.33,
    1.25,
    3.33,
    2.08,
    2.5,
    3.75,
    5.0,
    1.25,
    2.5,
    1.25,
    2.92,
    1.67,
    2.92,
    1.25,
    2.08,
    1.67,
    3.33,
    1.67,
    2.92,
    1.67,
    1.25,
    1.67,
    7.92,
    1.67
  ],