{
  "file": "captures/sentinel_830MHz_040340.iq",
  "freq_mhz": 830.0,
  "n_samples": 480000,
  "duration_ms": 200.0,
  "kurtosis": 289.561,
  "papr_db": 28.06,
  "pulse_count": 214,
  "prf_hz": 228571.4,
  "duty_cycle": 0.004048,
  "threshold": 0.024105,
  "pulse_widths_us": [
    7.08,
    3.75,
    2.5,
    3.33,
    3.33,
    2.08,
    3.75,
    2.5,
    1.67,
    5.0,
    2.92,
    2.92,
    1.25,
    1.25,
    2.92,
    2.5,
    1.25,
    2.08,
    2.5,
    4.17,
    3.75,
    4.58,
    1.67,
    7.5,
    3.75,
    1.67,
    1.67,
    6.25,
    1.67,
    1.67,
    6.25,
    2.92,
    1.67,
    1.25,
    2.08,
    1.67,
    1.67,
    3.33,
    2.5,
    2.08,
    1.67,
    2.5,
    1.67,
    1.67,
    3.33,
    5.42,
    4.58,
    2.08,
    5.0,
    4.17,
    1.25,
    3.33,
    3.33,
    2.08,
    5.0,
    2.5,
    8.33,
    2.08,
    5.42,
    2.92,
    3.75,
    4.58,
    3.33,
    2.92,
    2.92,
    1.25,
    5.0,
    2.08,
    5.83,
    1.25,
    2.5,
    4.58,
    5.0,
    1.25,
    5.0,
    1.25,
    1.25,
    2.92,
    1.67,
    1.25,
    2.5,
    8.33,
    3.75,
    2.5,
    2.92,
    3.33,
    9.17,
    2.08,
    1.67,
    6.67,
    1.25,
    1.25,
    1.25,
    6.25,
    7.08,
    8.33,
    7.08,
    3.75,
    7.5,
    3.33,
    1.25,
    1.67,
    3.75,
    7.92,
    3.33,
    6.67,
    2.92,
    2.08,
    3.75,
    1.25,
    2.5,
    13.33,
    1.25,
    4.58,
    5.42,
    2.92,
    1.25,
    1.25,
    2.5,
    2.92,
    1.25,
    1.25,
    5.0,
    2.08,
    3.33,
    2.92,
    2.92,
    2.5,
    7.5,
    3.75,
    1.25,
    6.25,
    1.67,
    1.25,
    1.67,
    1.25,
    2.92,
    5.0,
    4.58,
    5.42,
    1.25,
    3.33,
    3.33,
    2.92,
    1.25,
    1.25,
    7.08,
    5.42,
    2.08,
    1.67,
    7.92,
    1.25,
    2.92,
    5.42,
    1.67,
    1.25,
    2.08,
    13.33,
    3.75,
    3.75,
    11.25,
    2.92,
    7.5,
    4.58,
    4.17,
    5.83,
    2.92,
    19.58,
    7.5,
    4.17,
    1.67,
    10.0,
    2.08,
    1.67,
    3.33,
    4.17,
    1.25,
    3.75,
    2.92,
    6.67,
    8.33,
    5.42,
    1.67,
    7.08,
    1.25,
    1.25,
    12.5,
    2.92,
    5.0,
    2.08,
    1.67,
    8.33,
    2.08,
    7.08,
    1.67,
    2.08,
    1.67,
    4.58,
    8.75,
    3.33,
    5.83,
    14.17,
    3.75,
    5.83,
    3.33,
    3.33,
    1.25,
    6.25,
    2.08,
    4.17,
    2.5,
    2.92,
    8.33,
    3.75
  ],
  "pulse_bandwidths_khz": [
    2214.64,
    1563.49,
    2102.43,
    1793.94,
    2058.41,
    976.73,
    1481.73,
    776.86,
    447.25,
    1840.85,
    1751.98,
    439.67,
    75.84,
    166.79,
    1945.32,
    1084.83,
    28.82,
    744.03,
    2169.15,
    1219.17,
    1259.13,
    1522.78,
    1376.0,
    2133.93,
    1522.6,
    1252.83,
    1907.11,
    1597.55,
    730.81,
    1286.1,
    2096.23,
    1686.96,
    2079.98,
    165.25,
    862.58,
    945.74,
    347.77,
    1238.84,
    2054.64,
    1469.02,
    1512.22,
    2186.29,
    823.46,
    864.38,
    1320.33,
    2136.21,
    2100.33,
    1242.46,
    2183.75,
    1536.75,
    778.35,
    1661.94,
    1293.77,
    840.25,
    1445.92,
    1862.95,
    2225.11,
    1100.24,
    2053.26,
    1303.28,
    930.33,
    1201.68,
    2147.29,
    1083.69,
    1300.51,
    396.29,
    1519.31,
    444.78,
    1918.04,
    1456.73,
    972.02,
    1866.64,
    2028.15,
    631.43,
    1432.7,
    50.36,
    102.65,
    1609.53,
    941.57,
    683.77,
    2086.83,
    2170.32,
    1913.3,
    1210.61,
    1605.48,
    457.86,
    2200.62,
    1908.66,
    442.09,
    2090.53,
    313.11,
    21.84,
    824.1,
    1301.74,
    1913.01,
    2101.02,
    2129.17,
    2344.14,
    1983.31,
    1323.32,
    198.8,
    468.15,
    1508.44,
    2178.93,
    989.01,
    1896.38,
    1026.86,
    384.2,
    646.24,
    338.04,
    740.71,
    1999.24,
    411.0,
    1121.87,
    2252.99,
    1786.56,
    480.72,
    137.95,
    1307.22,
    2069.6,
    223.75,
    1668.43,
    2219.37,
    191.04,
    2131.0,
    1777.82,
    1733.82,
    1072.26,
    1772.48,
    1484.21,
    22.21,
    1995.9,
    872.29,
    44.73,
    2145.51,
    428.92,
    1562.01,
    1566.37,
    1503.28,
    1686.84,
    589.97,
    1815.59,
    567.94,
    560.25,
    103.08,
    1205.56,
    1965.53,
    1796.08,
    998.87,
    447.75,
    2032.54,
    96.61,
    1751.2,
    1241.59,
    401.76,
    17.69,
    525.95,
    2283.39,
    982.62,
    1204.28,
    1764.9,
    1951.43,
    1655.1,
    1876.77,
    1850.49,
    2017.96,
    1643.02,
    2062.82,
    2347.21,
    1275.44,
    404.9,
    2288.47,
    511.93,
    1882.82,
    935.23,
    1832.62,
    50.17,
    2168.53,
    1987.51,
    2066.31,
    1457.45,
    1894.16,
    917.6,
    1543.6,
    318.86,
    90.82,
    1662.91,
    1102.23,
    1307.64,
    802.52,
    912.14,
    2346.44,
    1623.69,
    2128.17,
    415.42,
    494.3,
    348.55,
    2018.9,
    1813.28,
    971.3,
    1467.91,
    2029.19,
    1460.03,
    2325.24,
    1515.46,
    1643.08,
    210.64,
    1874.7,
    836.64,
    1578.65,
    1252.52,
    607.28,
    1514.91,
    1941.97
  ],
  "spectrogram": "results/spectrograms/sentinel_830MHz_040340_spectrogram.png"
}