{
  "file": "captures/sentinel_830MHz_032939.iq",
  "freq_mhz": 830.0,
  "n_samples": 480000,
  "duration_ms": 200.0,
  "kurtosis": 296.602,
  "papr_db": 27.36,
  "pulse_count": 194,
  "prf_hz": 208695.7,
  "duty_cycle": 0.004171,
  "threshold": 0.025931,
  "pulse_widths_us": [
    5.0,
    5.0,
    17.92,
    2.08,
    4.58,
    4.17,
    2.08,
    2.5,
    5.83,
    2.5,
    1.25,
    3.75,
    2.08,
    4.58,
    7.08,
    7.08,
    5.83,
    3.33,
    4.58,
    5.0,
    11.67,
    1.67,
    7.08,
    2.92,
    5.83,
    2.08,
    3.75,
    3.75,
    6.25,
    2.08,
    2.08,
    4.17,
    2.92,
    2.5,
    4.17,
    8.33,
    4.58,
    4.17,
    5.0,
    2.5,
    3.75,
    1.67,
    11.25,
    2.08,
    7.5,
    2.92,
    3.75,
    4.17,
    1.25,
    2.92,
    4.58,
    15.83,
    1.25,
    3.75,
    2.92,
    6.25,
    7.5,
    10.0,
    2.5,
    5.0,
    2.08,
    8.33,
    1.67,
    1.25,
    2.92,
    1.25,
    2.5,
    3.75,
    1.25,
    2.5,
    5.0,
    3.75,
    2.92,
    2.5,
    1.25,
    2.08,
    5.83,
    1.25,
    4.58,
    8.75,
    3.75,
    7.92,
    12.5,
    2.08,
    3.75,
    2.5,
    12.92,
    2.08,
    2.5,
    2.92,
    3.33,
    2.5,
    6.25,
    15.0,
    2.08,
    2.08,
    1.67,
    12.92,
    10.0,
    2.5,
    3.75,
    1.25,
    1.67,
    4.17,
    7.5,
    1.25,
    2.5,
    4.17,
    2.5,
    2.08,
    7.92,
    1.25,
    1.25,
    2.5,
    1.67,
    10.83,
    3.75,
    5.83,
    6.25,
    4.58,
    12.5,
    10.42,
    5.83,
    3.75,
    5.83,
    6.67,
    1.25,
    1.67,
    5.42,
    1.25,
    4.17,
    2.08,
    4.17,
    7.08,
    4.58,
    6.67,
    3.75,
    2.92,
    1.25,
    2.5,
    4.17,
    3.33,
    3.75,
    2.08,
    2.08,
    1.67,
    4.58,
    2.92,
    4.58,
    3.33,
    2.5,
    5.42,
    8.33,
    3.75,
    1.67,
    1.25,
    3.33,
    1.25,
    9.58,
    2.5,
    6.25,
    1.67,
    1.25,
    1.25,
    6.67,
    9.58,
    1.67,
    2.92,
    1.67,
    3.75,
    2.5,
    2.08,
    4.58,
    4.58,
    2.92,
    2.5,
    1.25,
    3.33,
    2.08,
    2.08,
    1.67,
    10.83,
    2.5,
    2.08,
    3.75,
    2.5,
    6.25,
    2.5,
    7.5,
    1.25,
    12.5,
    2.92,
    2.08,
    7.5
  ],
  "pulse_bandwidths_khz": [
    1312.84,
    1891.21,
    2364.01,
    690.09,
    1977.38,
    904.01,
    716.2,
    1509.98,
    2175.45,
    2074.36,
    46.81,
    891.52,
    1504.2,
    1402.93,
    2155.68,
    2269.64,
    2362.33,
    1116.07,
    1761.21,
    1559.78,
    2311.41,
    876.78,
    1941.75,
    1410.76,
    2120.99,
    923.6,
    1504.39,
    950.08,
    1968.05,
    1869.39,
    1500.84,
    2013.75,
    1160.65,
    792.48,
    1533.48,
    2166.5,
    1608.09,
    1733.61,
    2073.24,
    1848.68,
    744.92,
    1584.03,
    1592.98,
    284.05,
    2076.6,
    702.96,
    1835.07,
    913.9,
    0.37,
    724.22,
    1752.26,
    2124.16,
    903.83,
    1402.18,
    1354.25,
    1965.44,
    1940.07,
    1954.06,
    1775.57,
    2036.13,
    1012.0,
    1703.95,
    2083.87,
    162.64,
    1908.18,
    706.13,
    950.27,
    1634.38,
    67.33,
    1552.32,
    1887.48,
    2173.58,
    1474.36,
    2014.68,
    322.85,
    512.16,
    1722.98,
    1321.42,
    2391.99,
    2025.31,
    1839.92,
    1932.99,
    2087.6,
    1485.18,
    1655.27,
    1892.51,
    1940.07,
    1865.1,
    1142.74,
    1678.4,
    996.89,
    2069.88,
    2064.66,
    1675.42,
    1184.9,
    1545.23,
    909.42,
    2264.23,
    1957.23,
    1134.72,
    892.08,
    528.75,
    1554.37,
    2343.31,
    1833.58,
    690.83,
    1919.18,
    1194.22,
    89.52,
    713.59,
    1823.69,
    309.79,
    407.52,
    2101.96,
    1188.44,
    2108.86,
    1925.71,
    1482.94,
    1536.65,
    1300.53,
    2016.92,
    2288.47,
    1543.18,
    2006.47,
    2064.29,
    1992.11,
    1252.97,
    792.67,
    1924.22,
    1673.92,
    2123.04,
    373.77,
    1993.42,
    1599.51,
    2170.41,
    2139.64,
    2069.88,
    1256.14,
    7.83,
    1734.35,
    2060.37,
    1814.37,
    1414.21,
    1532.55,
    886.01,
    636.28,
    956.7,
    1425.21,
    1984.84,
    1325.62,
    875.66,
    2022.7,
    1594.75,
    1951.73,
    478.12,
    261.95,
    1456.17,
    88.41,
    2239.61,
    1389.87,
    2108.03,
    340.94,
    621.08,
    1071.31,
    1576.75,
    2156.52,
    860.18,
    1250.55,
    884.62,
    1941.85,
    1295.78,
    559.06,
    1824.9,
    1515.02,
    2147.57,
    1829.1,
    88.97,
    1548.96,
    566.99,
    1569.95,
    262.98,
    2252.76,
    1520.8,
    962.02,
    1854.93,
    476.16,
    2073.8,
    528.94,
    2160.25,
    240.88,
    2128.64,
    1770.91,
    1148.53,
    1780.23
  ],
  "spectrogram": "results/spectrograms/sentinel_830MHz_032939_spectrogram.png"
}