{
  "file": "captures/sentinel_828MHz_114244.iq",
  "freq_mhz": 828.0,
  "n_samples": 480000,
  "duration_ms": 200.0,
  "kurtosis": 202.866,
  "papr_db": 26.62,
  "pulse_count": 432,
  "prf_hz": 192000.0,
  "duty_cycle": 0.007331,
  "threshold": 0.026518,
  "pulse_widths_us": [
    1.67,
    1.25,
    2.5,
    1.67,
    2.92,
    7.92,
    2.92,
    2.08,
    1.25,
    2.08,
    2.5,
    4.17,
    1.25,
    8.75,
    1.25,
    2.5,
    6.25,
    1.25,
    4.58,
    5.0,
    2.08,
    22.08,
    1.67,
    2.08,
    3.75,
    4.58,
    1.67,
    5.42,
    10.0,
    6.67,
    1.67,
    6.25,
    4.17,
    2.08,
    1.25,
    2.92,
    7.08,
    6.67,
    1.25,
    1.67,
    1.25,
    6.67,
    3.75,
    2.08,
    1.25,
    2.92,
    2.5,
    1.25,
    2.92,
    3.75,
    4.17,
    4.17,
    3.75,
    10.0,
    3.75,
    10.42,
    6.67,
    2.08,
    2.5,
    2.08,
    1.67,
    7.92,
    1.25,
    5.0,
    1.25,
    4.17,
    1.25,
    2.5,
    2.08,
    1.25,
    10.83,
    8.75,
    7.5,
    1.25,
    3.33,
    1.67,
    2.08,
    1.25,
    6.25,
    1.67,
    1.67,
    10.42,
    7.5,
    2.5,
    2.92,
    5.0,
    3.33,
    15.0,
    3.75,
    5.42,
    2.08,
    2.5,
    10.83,
    9.17,
    2.5,
    2.5,
    2.92,
    5.0,
    9.58,
    2.92,
    2.08,
    4.58,
    4.17,
    1.25,
    6.25,
    2.08,
    5.83,
    6.25,
    1.25,
    2.08,
    2.5,
    2.08,
    6.67,
    3.75,
    2.08,
    2.5,
    2.5,
    5.0,
    3.75,
    6.67,
    7.08,
    1.25,
    7.5,
    2.08,
    5.83,
    2.08,
    2.5,
    1.67,
    5.0,
    1.25,
    2.5,
    2.5,
    2.08,
    3.33,
    3.33,
    6.25,
    5.83,
    10.42,
    5.0,
    3.33,
    3.75,
    2.5,
    9.58,
    4.58,
    3.33,
    4.58,
    4.58,
    3.75,
    3.75,
    3.33,
    3.33,
    3.75,
    1.67,
    3.33,
    6.67,
    6.25,
    2.08,
    1.67,
    4.58,
    4.17,
    9.17,
    3.33,
    6.25,
    4.58,
    1.25,
    6.25,
    4.17,
    3.75,
    1.25,
    2.92,
    4.17,
    4.17,
    2.08,
    1.67,
    1.25,
    1.25,
    1.67,
    2.08,
    4.58,
    1.67,
    2.92,
    5.42,
    2.5,
    3.75,
    1.67,
    1.25,
    5.42,
    2.5,
    3.33,
    6.67,
    15.42,
    1.67,
    3.75,
    2.92,
    5.42,
    6.67,
    3.75,
    5.42,
    2.08,
    1.25,
    2.5,
    7.92,
    5.0,
    1.25,
    3.75,
    1.67,
    1.67,
    2.08,
    1.67,
    4.17,
    1.67,
    2.92,
    2.08,
    5.0,
    1.25,
    5.83,
    2.08,
    2.08,
    1.25,
    2.08,
    2.5,
    5.0,
    5.42,
    2.92,
    2.08,
    1.25,
    1.25,
    3.33,
    6.25,
    8.75,
    1.25,
    2.5,
    3.75,
    1.67,
    1.25,
    6.25,
    1.67,
    2.08,
    1.25,
    2.08,
    2.08,
    1.67,
    2.08,
    2.08,
    1.25,
    3.33,
    2.5,
    1.67,
    3.75,
    4.17,
    1.25,
    1.25,
    1.67,
    2.08,
    1.25,
    2.08,
    2.92,
    2.08,
    1.67,
    2.5,
    2.92,
    1.67,
    4.17,
    2.5,
    1.25,
    2.08,
    1.25,
    1.67,
    1.25,
    2.08,
    1.25,
    3.75,
    2.08,
    2.08,
    1.25,
    1.25,
    3.33,
    1.67,
    3.33,
    7.5,
    1.67,
    2.08,
    3.75,
    2.08,
    2.92,
    1.67,
    2.08,
    4.58,
    2.08,
    1.67,
    5.0,
    1.67,
    5.0,
    1.25,
    2.5,
    1.67,
    3.75,
    4.17,
    1.67,
    1.25,
    2.5,
    4.58,
    2.5,
    2.08,
    2.08,
    1.25,
    2.5,
    1.25,
    2.08,
    2.08,
    5.83,
    3.33,
    1.67,
    2.92,
    4.58,
    2.92,
    1.67,
    2.92,
    1.25,
    2.92,
    2.08,
    6.25,
    9.17,
    2.5,
    1.25,
    2.5,
    1.25,
    1.67,
    1.67,
    2.08,
    8.33,
    5.83,
    3.33,
    1.25,
    1.25,
    2.5,
    1.25,
    2.5,
    1.25,
    1.67,
    2.08,
    3.75,
    2.5,
    2.08,
    1.67,
    2.5,
    2.08,
    4.17,
    4.17,
    2.5,
    1.25,
    3.33,
    4.17,
    1.67,
    2.92,
    5.83,
    1.25,
    3.33,
    2.5,
    4.17,
    2.92,
    2.08,
    2.08,
    1.67,
    2.08,
    2.92,
    2.5,
    1.25,
    1.67,
    2.08,
    1.25,
    4.17,
    3.33,
    1.25,
    1.25,
    2.08,
    4.58,
    1.67,
    5.42,
    1.67,
    1.25,
    4.58,
    1.67,
    2.5,
    1.25,
    2.5,
    1.67,
    2.08,
    5.83,
    3.33,
    4.17,
    11.67,
    4.17,
    3.33,
    2.5,
    4.17,
    3.33,
    3.33,
    3.75,
    2.08,
    3.33,
    3.75,
    3.33,
    1.25,
    5.42,
    2.08,
    2.5,
    7.08,
    3.33,
    3.33,
    2.5,
    3.75,
    8.75,
    1.25,
    1.25,
    2.08,
    2.5,
    6.25,
    1.25,
    1.25,
    1.25,
    1.25,
    5.83,
    7.5,
    3.75,
    2.08,
    4.58,
    1.67,
    5.42,
    2.5,
    5.0,
    3.33
  ],