{
  "file": "captures/sentinel_826MHz_040625.iq",
  "freq_mhz": 826.0,
  "n_samples": 480000,
  "duration_ms": 200.0,
  "kurtosis": 276.827,
  "papr_db": 27.61,
  "pulse_count": 175,
  "prf_hz": 177777.8,
  "duty_cycle": 0.004185,
  "threshold": 0.023827,
  "pulse_widths_us": [
    2.92,
    2.08,
    1.67,
    2.5,
    5.0,
    5.83,
    13.75,
    11.67,
    1.67,
    5.42,
    2.08,
    2.08,
    1.25,
    2.92,
    8.75,
    2.08,
    2.5,
    8.75,
    8.75,
    2.08,
    11.25,
    3.75,
    2.5,
    7.5,
    5.0,
    1.25,
    2.5,
    5.83,
    5.0,
    2.5,
    7.5,
    2.08,
    1.25,
    2.08,
    1.67,
    4.17,
    1.67,
    3.33,
    8.75,
    6.67,
    6.25,
    4.17,
    2.92,
    6.67,
    7.08,
    3.33,
    1.67,
    2.08,
    2.92,
    4.58,
    2.5,
    2.08,
    3.33,
    3.33,
    1.25,
    3.75,
    3.33,
    8.33,
    7.5,
    5.42,
    4.58,
    10.0,
    2.5,
    2.08,
    1.67,
    5.42,
    7.5,
    3.33,
    2.08,
    5.0,
    2.92,
    2.92,
    12.08,
    5.42,
    5.42,
    5.0,
    9.58,
    2.08,
    1.67,
    8.75,
    3.75,
    1.25,
    2.5,
    7.5,
    7.08,
    5.83,
    2.92,
    5.83,
    2.08,
    1.25,
    2.5,
    1.25,
    5.83,
    5.42,
    4.17,
    6.67,
    13.75,
    7.08,
    2.92,
    2.08,
    3.75,
    2.92,
    16.67,
    3.33,
    1.25,
    7.08,
    1.25,
    5.0,
    10.0,
    5.42,
    11.67,
    5.83,
    1.67,
    2.5,
    2.08,
    8.75,
    4.17,
    6.67,
    1.25,
    2.08,
    2.5,
    2.92,
    2.92,
    4.58,
    1.67,
    2.92,
    8.75,
    6.67,
    6.67,
    7.08,
    3.75,
    3.75,
    1.25,
    1.67,
    10.83,
    7.08,
    1.67,
    11.25,
    1.67,
    3.75,
    6.25,
    2.5,
    1.25,
    3.75,
    2.5,
    6.67,
    19.58,
    4.17,
    4.58,
    5.83,
    2.92,
    1.67,
    4.17,
    21.67,
    1.67,
    1.25,
    10.83,
    2.5,
    8.75,
    2.92,
    2.08,
    2.92,
    7.92,
    1.25,
    3.75,
    2.08,
    1.67,
    5.0,
    10.0,
    2.5,
    2.5,
    4.17,
    1.25,
    7.92,
    15.83
  ],
  "pulse_bandwidths_khz": [
    167.86,
    81.32,
    36.18,
    211.5,
    467.02,
    531.55,
    1129.13,
    772.15,
    81.32,
    315.57,
    49.24,
    204.79,
    148.09,
    485.3,
    651.29,
    267.45,
    85.42,
    641.22,
    483.06,
    154.06,
    535.66,
    351.76,
    208.52,
    531.93,
    113.4,
    56.7,
    107.8,
    426.73,
    586.76,
    271.56,
    748.65,
    92.51,
    130.93,
    101.83,
    214.86,
    179.42,
    88.03,
    89.15,
    433.82,
    373.39,
    205.91,
    109.29,
    130.18,
    258.5,
    281.26,
    111.16,
    153.31,
    67.52,
    352.13,
    431.96,
    83.18,
    120.86,
    158.91,
    312.59,
    19.4,
    195.46,
    160.03,
    562.89,
    204.79,
    342.43,
    369.66,
    562.14,
    180.91,
    67.14,
    90.27,
    359.22,
    547.97,
    178.3,
    220.45,
    295.8,
    316.32,
    240.22,
    566.99,
    401.37,
    267.08,
    456.58,
    596.83,
    85.42,
    73.86,
    909.79,
    75.35,
    86.17,
    116.01,
    417.78,
    647.56,
    451.73,
    343.18,
    342.43,
    163.01,
    117.13,
    69.38,
    243.58,
    265.59,
    213.74,
    375.63,
    383.46,
    1264.91,
    259.25,
    168.23,
    49.24,
    149.95,
    119.37,
    741.94,
    132.05,
    45.51,
    1096.3,
    65.28,
    282.0,
    556.54,
    237.24,
    360.71,
    241.72,
    176.07,
    163.01,
    39.91,
    1430.9,
    177.56,
    251.79,
    56.7,
    92.51,
    158.53,
    193.22,
    271.56,
    215.98,
    145.1,
    171.59,
    508.8,
    319.68,
    1277.22,
    556.17,
    185.39,
    329.75,
    69.01,
    149.21,
    836.31,
    817.66,
    18.28,
    875.1,
    184.27,
    116.38,
    314.46,
    195.84,
    78.71,
    243.58,
    46.63,
    284.99,
    822.88,
    215.61,
    352.13,
    338.33,
    101.83,
    52.6,
    354.37,
    1130.25,
    142.49,
    14.92,
    1088.84,
    85.79,
    536.4,
    205.91,
    64.91,
    301.03,
    523.72,
    142.87,
    361.83,
    101.83,
    53.71,
    463.29,
    672.18,
    79.83,
    326.02,
    240.22,
    430.84,
    240.6,
    569.97
  ],
  "spectrogram": "results/spectrograms/sentinel_826MHz_040625_spectrogram.png"
}