{
  "file": "captures/sentinel_834MHz_020457.iq",
  "freq_mhz": 834.0,
  "n_samples": 480000,
  "duration_ms": 200.0,
  "kurtosis": 296.081,
  "papr_db": 27.87,
  "pulse_count": 123,
  "prf_hz": 137142.9,
  "duty_cycle": 0.004431,
  "threshold": 0.026893,
  "pulse_widths_us": [
    1.25,
    4.17,
    2.08,
    2.5,
    5.83,
    12.5,
    2.5,
    6.67,
    1.67,
    4.17,
    2.5,
    5.0,
    3.75,
    2.92,
    6.25,
    4.17,
    2.5,
    7.92,
    1.25,
    15.83,
    3.33,
    2.5,
    2.08,
    4.58,
    10.0,
    3.75,
    7.5,
    4.17,
    2.08,
    37.92,
    1.67,
    5.42,
    1.25,
    2.92,
    3.33,
    10.83,
    2.92,
    5.83,
    11.25,
    6.25,
    14.17,
    11.25,
    2.92,
    2.08,
    6.25,
    15.83,
    15.83,
    2.5,
    11.25,
    2.5,
    8.33,
    2.92,
    6.25,
    12.92,
    6.67,
    12.5,
    13.33,
    4.17,
    4.58,
    5.0,
    4.17,
    10.0,
    7.92,
    2.08,
    3.75,
    23.75,
    4.58,
    1.25,
    6.25,
    6.67,
    9.58,
    6.67,
    6.67,
    7.92,
    20.83,
    1.67,
    12.92,
    3.33,
    13.75,
    10.0,
    2.5,
    3.75,
    6.25,
    10.42,
    6.25,
    18.33,
    11.25,
    27.08,
    4.17,
    19.17,
    5.83,
    5.0,
    3.75,
    1.25,
    2.5,
    7.08,
    10.42,
    20.0,
    5.0,
    1.67,
    15.83,
    5.42,
    5.42,
    8.33,
    16.25,
    1.67,
    7.92,
    2.08,
    8.75,
    12.5,
    11.25,
    12.5,
    4.17,
    1.25,
    2.5,
    5.42,
    2.92,
    3.33,
    2.08,
    6.67,
    13.33,
    9.58,
    5.42
  ],
  "pulse_bandwidths_khz": [
    139.51,
    184.27,
    334.97,
    141.0,
    161.89,
    2179.18,
    109.67,
    196.95,
    82.06,
    96.99,
    159.65,
    2264.23,
    232.76,
    63.41,
    538.64,
    175.32,
    202.92,
    384.96,
    52.22,
    543.12,
    222.32,
    53.71,
    164.13,
    275.29,
    396.89,
    331.99,
    261.86,
    104.45,
    85.05,
    2382.85,
    193.22,
    284.99,
    87.29,
    272.3,
    170.1,
    2329.13,
    265.59,
    379.73,
    2344.8,
    653.53,
    611.01,
    2276.16,
    166.37,
    147.72,
    244.7,
    2229.16,
    2206.78,
    240.22,
    461.8,
    140.26,
    367.05,
    123.1,
    246.19,
    2212.01,
    423.75,
    584.15,
    2236.62,
    174.57,
    2210.51,
    254.4,
    131.3,
    486.42,
    2294.82,
    146.97,
    458.81,
    2382.85,
    172.34,
    208.89,
    347.65,
    275.29,
    366.31,
    341.69,
    243.95,
    422.26,
    2388.07,
    31.33,
    609.51,
    156.67,
    626.67,
    446.13,
    161.14,
    284.24,
    270.81,
    2213.5,
    480.45,
    2296.31,
    2201.56,
    613.99,
    478.21,
    650.55,
    2215.74,
    150.7,
    352.13,
    41.03,
    176.07,
    394.65,
    396.15,
    674.42,
    494.62,
    131.3,
    2187.39,
    215.61,
    2073.99,
    2277.66,
    1906.88,
    52.22,
    444.64,
    177.56,
    501.34,
    2168.73,
    602.8,
    2082.94,
    443.15,
    149.21,
    417.78,
    364.07,
    131.3,
    169.35,
    114.89,
    258.88,
    309.61,
    208.14,
    346.91
  ],
  "spectrogram": "results/spectrograms/sentinel_834MHz_020457_spectrogram.png"
}