{
  "file": "captures/sentinel_826MHz_014925.iq",
  "freq_mhz": 826.0,
  "n_samples": 480000,
  "duration_ms": 200.0,
  "kurtosis": 301.793,
  "papr_db": 28.44,
  "pulse_count": 198,
  "prf_hz": 208695.7,
  "duty_cycle": 0.004267,
  "threshold": 0.026703,
  "pulse_widths_us": [
    1.25,
    3.33,
    1.67,
    2.08,
    1.67,
    5.83,
    12.5,
    2.92,
    4.17,
    4.17,
    2.92,
    7.08,
    3.33,
    2.08,
    1.67,
    2.92,
    2.08,
    5.83,
    4.58,
    7.5,
    7.5,
    6.67,
    2.08,
    2.08,
    3.75,
    4.58,
    2.5,
    1.67,
    2.5,
    2.08,
    5.83,
    5.42,
    10.42,
    9.58,
    4.17,
    4.17,
    11.25,
    2.5,
    2.08,
    2.08,
    2.92,
    5.42,
    2.92,
    10.42,
    2.92,
    4.58,
    12.5,
    5.42,
    6.67,
    1.67,
    14.17,
    2.08,
    3.75,
    6.67,
    1.67,
    5.83,
    6.25,
    3.75,
    5.0,
    1.67,
    5.83,
    2.92,
    3.75,
    9.58,
    2.08,
    2.5,
    2.92,
    3.75,
    1.67,
    2.08,
    2.5,
    12.92,
    1.25,
    1.67,
    2.08,
    8.33,
    3.33,
    1.25,
    5.83,
    3.75,
    2.5,
    7.08,
    2.5,
    1.25,
    3.33,
    9.58,
    2.5,
    5.83,
    2.08,
    5.42,
    9.17,
    2.5,
    2.5,
    4.58,
    2.5,
    5.42,
    1.67,
    2.08,
    1.67,
    1.67,
    5.0,
    4.58,
    2.08,
    2.92,
    8.75,
    8.75,
    10.42,
    2.5,
    2.92,
    6.25,
    1.67,
    5.42,
    2.92,
    2.5,
    2.08,
    5.42,
    4.17,
    4.58,
    7.08,
    3.33,
    1.67,
    2.5,
    3.33,
    9.58,
    2.5,
    2.5,
    7.5,
    1.25,
    2.08,
    1.67,
    1.25,
    1.25,
    2.08,
    7.5,
    5.0,
    1.67,
    2.92,
    6.25,
    7.08,
    10.42,
    1.25,
    5.83,
    4.17,
    1.25,
    1.25,
    4.58,
    5.0,
    2.5,
    4.17,
    1.25,
    2.08,
    10.0,
    4.17,
    6.67,
    2.08,
    4.17,
    10.42,
    2.08,
    2.5,
    10.42,
    2.08,
    6.25,
    2.08,
    1.25,
    1.25,
    6.25,
    3.75,
    17.92,
    4.17,
    1.25,
    2.92,
    5.42,
    2.5,
    1.25,
    4.58,
    1.67,
    4.17,
    3.75,
    1.67,
    4.17,
    2.08,
    5.0,
    7.92,
    2.08,
    1.25,
    2.08,
    1.25,
    2.5,
    3.75,
    3.33,
    2.08,
    4.58,
    5.0,
    17.08,
    1.25,
    12.08,
    6.67,
    1.25
  ],
  "pulse_bandwidths_khz": [
    283.33,
    2352.33,
    40.59,
    2186.73,
    247.64,
    1778.28,
    2266.33,
    1419.83,
    1584.49,
    1331.98,
    721.26,
    1867.31,
    1728.06,
    1578.76,
    764.08,
    1422.67,
    1670.82,
    1951.61,
    2177.69,
    1769.63,
    2112.32,
    1587.92,
    1460.25,
    451.35,
    2214.59,
    1698.19,
    1898.3,
    1017.78,
    878.27,
    364.88,
    1938.4,
    1066.11,
    1855.49,
    2023.72,
    2173.09,
    1507.86,
    2316.82,
    216.07,
    1683.37,
    1189.47,
    1844.32,
    2160.32,
    1085.49,
    1801.19,
    1301.46,
    1793.55,
    1829.36,
    2133.13,
    2189.83,
    1835.56,
    2358.43,
    1528.77,
    1115.07,
    1295.03,
    295.75,
    1005.86,
    1169.36,
    965.47,
    1696.87,
    526.66,
    1893.43,
    2029.81,
    988.72,
    2173.96,
    792.77,
    902.77,
    2033.81,
    658.26,
    300.4,
    1114.85,
    1137.95,
    1937.52,
    406.16,
    476.3,
    750.51,
    2107.97,
    1690.26,
    1202.01,
    1506.79,
    1822.25,
    1452.54,
    2041.88,
    1067.33,
    645.04,
    1409.87,
    2319.55,
    2157.7,
    1909.6,
    1934.58,
    1433.64,
    2204.28,
    2078.31,
    747.39,
    2286.87,
    807.8,
    2241.44,
    723.34,
    734.86,
    805.08,
    1784.96,
    2264.26,
    1131.67,
    1281.0,
    883.39,
    1963.25,
    1841.3,
    2215.37,
    924.56,
    1978.91,
    2334.77,
    935.1,
    1463.24,
    2063.24,
    1036.35,
    1053.75,
    2180.02,
    2266.22,
    1369.09,
    1372.61,
    1744.97,
    1024.38,
    1838.68,
    2153.61,
    2262.56,
    1733.89,
    360.86,
    1804.95,
    299.19,
    1037.95,
    362.2,
    492.16,
    320.25,
    538.37,
    2158.34,
    1702.07,
    368.03,
    1137.66,
    2218.82,
    2286.15,
    2145.0,
    893.81,
    1752.82,
    1824.47,
    727.56,
    231.27,
    703.19,
    2296.44,
    1068.9,
    1715.56,
    277.49,
    1835.88,
    2080.39,
    1953.48,
    910.31,
    648.11,
    1159.22,
    2222.78,
    581.82,
    1201.85,
    2347.57,
    1231.44,
    2000.6,
    900.8,
    459.12,
    712.83,
    1645.49,
    1519.21,
    2266.52,
    2098.88,
    59.5,
    2158.15,
    1970.06,
    727.59,
    156.47,
    1985.94,
    238.65,
    2313.99,
    1286.91,
    1077.97,
    1523.62,
    789.17,
    1158.16,
    2328.49,
    1047.85,
    230.61,
    1626.28,
    651.89,
    1613.18,
    2059.84,
    1951.38,
    1296.27,
    1873.59,
    2008.59,
    2312.34,
    281.62,
    2128.43,
    2117.34,
    711.83
  ],
  "spectrogram": "results/spectrograms/sentinel_826MHz_014925_spectrogram.png"
}