{
  "file": "captures/sentinel_828MHz_035841.iq",
  "freq_mhz": 828.0,
  "n_samples": 480000,
  "duration_ms": 200.0,
  "kurtosis": 235.517,
  "papr_db": 25.3,
  "pulse_count": 225,
  "prf_hz": 252631.6,
  "duty_cycle": 0.004075,
  "threshold": 0.021649,
  "pulse_widths_us": [
    8.75,
    6.67,
    5.83,
    5.42,
    1.67,
    1.67,
    1.25,
    6.67,
    6.67,
    2.08,
    1.67,
    1.25,
    1.25,
    1.25,
    1.25,
    3.33,
    3.33,
    5.42,
    2.5,
    3.33,
    2.08,
    7.5,
    1.67,
    1.67,
    6.67,
    2.08,
    2.92,
    5.42,
    1.67,
    8.75,
    2.92,
    2.5,
    4.17,
    2.5,
    1.25,
    3.75,
    1.25,
    6.67,
    9.17,
    1.67,
    4.58,
    1.67,
    12.92,
    8.75,
    1.25,
    2.92,
    2.08,
    7.08,
    1.67,
    2.92,
    2.5,
    2.5,
    2.08,
    2.5,
    4.17,
    1.25,
    2.08,
    3.33,
    4.17,
    1.67,
    12.08,
    1.25,
    3.33,
    1.25,
    2.92,
    1.67,
    2.5,
    6.25,
    2.08,
    3.33,
    9.17,
    2.92,
    2.5,
    3.33,
    5.83,
    6.25,
    1.67,
    6.67,
    1.25,
    6.25,
    1.67,
    3.33,
    2.5,
    2.5,
    11.25,
    1.25,
    5.83,
    2.5,
    1.25,
    2.08,
    1.67,
    1.25,
    5.42,
    5.83,
    5.0,
    5.83,
    2.5,
    2.5,
    2.08,
    8.75,
    3.33,
    3.75,
    3.75,
    6.67,
    6.25,
    3.33,
    2.5,
    1.67,
    1.67,
    1.67,
    1.25,
    2.5,
    1.25,
    4.58,
    3.33,
    2.08,
    1.67,
    2.08,
    12.08,
    1.67,
    2.08,
    7.92,
    2.08,
    2.08,
    1.67,
    2.92,
    9.58,
    5.83,
    1.25,
    14.17,
    3.75,
    15.83,
    1.25,
    2.08,
    3.33,
    2.92,
    1.25,
    3.75,
    4.58,
    2.08,
    4.58,
    2.08,
    2.5,
    3.33,
    1.25,
    2.5,
    3.33,
    1.25,
    7.5,
    3.33,
    2.92,
    5.83,
    2.5,
    1.25,
    5.42,
    2.08,
    1.67,
    1.67,
    3.75,
    8.33,
    1.25,
    12.92,
    7.5,
    3.33,
    2.5,
    3.33,
    2.08,
    2.08,
    1.67,
    1.25,
    2.92,
    5.42,
    2.92,
    1.25,
    7.08,
    3.75,
    3.75,
    3.75,
    2.08,
    2.5,
    2.5,
    3.33,
    2.08,
    5.0,
    5.83,
    1.25,
    2.92,
    5.83,
    1.67,
    6.25,
    2.08,
    2.08,
    1.67,
    2.5,
    5.0,
    1.25,
    2.08,
    1.67,
    5.0,
    1.25,
    1.67,
    1.67,
    1.67,
    2.92,
    2.92,
    2.92,
    2.92,
    3.75,
    1.25,
    1.67,
    1.25,
    2.5,
    6.25,
    4.58,
    1.25,
    6.25,
    2.5,
    4.17,
    4.17,
    8.75,
    2.92,
    2.08,
    1.67,
    5.42,
    1.67
  ],
  "pulse_bandwidths_khz": [
    2329.51,
    2155.31,
    1747.22,
    2057.2,
    417.78,
    280.88,
    1767.74,
    1818.47,
    1742.75,
    885.55,
    359.22,
    342.43,
    623.32,
    90.64,
    928.07,
    1733.79,
    1120.92,
    2046.01,
    891.89,
    2281.39,
    1258.57,
    2375.01,
    1180.23,
    972.46,
    1727.08,
    416.66,
    2120.61,
    1741.63,
    216.72,
    2343.31,
    894.13,
    1578.62,
    2065.04,
    814.67,
    209.64,
    2072.12,
    92.51,
    2102.71,
    2067.65,
    1692.39,
    1470.44,
    2096.74,
    2012.81,
    2159.04,
    665.47,
    2043.03,
    1239.54,
    1901.28,
    547.59,
    1444.33,
    905.69,
    1872.56,
    2120.99,
    583.4,
    2133.67,
    283.49,
    345.04,
    2134.42,
    553.56,
    492.01,
    2093.01,
    677.4,
    1701.34,
    1550.64,
    1212.31,
    969.1,
    1379.8,
    1169.42,
    992.23,
    930.31,
    2101.22,
    1764.75,
    371.9,
    1292.14,
    1342.12,
    1590.18,
    749.02,
    849.74,
    164.13,
    1584.21,
    391.3,
    1898.3,
    1015.73,
    1658.07,
    2313.47,
    804.6,
    1506.63,
    1154.12,
    133.54,
    999.69,
    547.97,
    1019.84,
    2009.08,
    2001.25,
    1910.23,
    1752.82,
    775.88,
    1684.56,
    669.57,
    2028.11,
    1704.33,
    1312.66,
    1106.75,
    1656.21,
    1357.79,
    1313.4,
    1496.93,
    1041.84,
    466.65,
    528.57,
    137.27,
    1794.97,
    687.85,
    1871.07,
    1694.63,
    1487.6,
    1178.0,
    622.94,
    2248.93,
    676.66,
    711.72,
    2146.73,
    1476.41,
    1678.21,
    744.92,
    1205.97,
    2193.73,
    2098.98,
    548.34,
    2338.83,
    2109.42,
    2314.59,
    305.13,
    872.49,
    2122.85,
    1309.3,
    386.45,
    1023.19,
    1856.89,
    367.05,
    1335.78,
    1627.86,
    489.77,
    1664.41,
    385.33,
    2245.58,
    1164.19,
    860.18,
    2220.96,
    1785.64,
    1897.92,
    1669.63,
    951.2,
    552.07,
    1677.84,
    969.85,
    1478.28,
    762.08,
    1024.31,
    1699.85,
    798.63,
    2129.94,
    1946.42,
    1655.09,
    355.86,
    1220.52,
    1338.02,
    1653.22,
    890.4,
    470.0,
    1438.36,
    1850.92,
    1789.37,
    1634.2,
    2065.04,
    1692.76,
    1294.75,
    1358.16,
    1611.07,
    1040.72,
    1790.87,
    1605.1,
    1089.22,
    2102.34,
    1508.12,
    534.91,
    1194.78,
    2006.47,
    829.97,
    2043.03,
    1715.14,
    933.29,
    1198.51,
    1392.85,
    2132.18,
    88.41,
    338.7,
    826.24,
    2219.47,
    552.44,
    751.26,
    207.03,
    709.11,
    1733.79,
    967.24,
    1703.21,
    1345.85,
    1191.8,
    1265.28,
    885.17,
    472.62,
    1602.86,
    2132.55,
    1886.73,
    551.32,
    2173.58,
    1560.71,
    1628.6,
    1323.47,
    2096.37,
    1759.91,
    672.93,
    384.96,
    1840.48,
    922.1
  ],
  "spectrogram": "results/spectrograms/sentinel_828MHz_035841_spectrogram.png"
}