{
  "file": "captures/sentinel_832MHz_033306.iq",
  "freq_mhz": 832.0,
  "n_samples": 480000,
  "duration_ms": 200.0,
  "kurtosis": 344.638,
  "papr_db": 28.88,
  "pulse_count": 186,
  "prf_hz": 218181.8,
  "duty_cycle": 0.004292,
  "threshold": 0.030846,
  "pulse_widths_us": [
    9.17,
    6.67,
    3.33,
    2.5,
    5.83,
    9.58,
    2.92,
    2.08,
    1.67,
    2.5,
    2.5,
    1.67,
    3.33,
    4.17,
    12.5,
    6.25,
    2.5,
    4.58,
    1.25,
    2.5,
    9.58,
    2.92,
    1.67,
    3.75,
    3.75,
    3.33,
    2.5,
    5.0,
    12.5,
    2.08,
    3.33,
    3.33,
    1.67,
    5.0,
    12.92,
    7.08,
    7.5,
    3.33,
    4.58,
    2.08,
    7.92,
    1.67,
    1.67,
    1.25,
    5.0,
    2.92,
    1.67,
    5.42,
    1.67,
    1.25,
    3.33,
    6.25,
    3.33,
    2.08,
    2.92,
    3.33,
    1.67,
    2.08,
    3.75,
    4.58,
    2.08,
    1.67,
    1.67,
    3.33,
    6.25,
    1.67,
    1.25,
    3.33,
    2.92,
    5.83,
    15.0,
    1.25,
    3.75,
    3.33,
    4.58,
    1.25,
    5.0,
    17.92,
    2.5,
    3.75,
    12.08,
    6.25,
    4.17,
    1.25,
    2.5,
    1.67,
    5.83,
    4.17,
    6.67,
    10.0,
    10.0,
    11.67,
    9.58,
    2.5,
    6.67,
    2.92,
    3.75,
    18.33,
    1.67,
    7.5,
    1.25,
    5.42,
    4.17,
    3.75,
    2.5,
    8.33,
    4.58,
    1.67,
    18.33,
    9.17,
    15.42,
    3.33,
    3.75,
    4.58,
    4.17,
    1.67,
    2.5,
    3.33,
    1.25,
    5.0,
    11.67,
    4.17,
    3.75,
    4.17,
    4.17,
    6.67,
    14.58,
    3.33,
    5.0,
    2.5,
    5.0,
    1.25,
    7.5,
    5.42,
    2.92,
    11.25,
    1.67,
    4.58,
    1.25,
    6.67,
    2.08,
    5.42,
    2.08,
    10.0,
    3.33,
    4.17,
    1.25,
    1.25,
    10.83,
    1.67,
    2.08,
    2.08,
    4.17,
    1.67,
    3.75,
    3.75,
    7.08,
    5.0,
    6.67,
    1.25,
    1.67,
    1.25,
    5.0,
    2.5,
    6.67,
    1.67,
    3.33,
    5.42,
    2.08,
    7.5,
    1.25,
    4.58,
    2.5,
    1.67,
    5.0,
    1.67,
    2.5,
    6.25,
    13.33,
    7.5,
    1.67,
    10.0,
    1.25,
    1.25,
    1.25,
    1.67
  ],
  "pulse_bandwidths_khz": [
    2016.54,
    1881.14,
    1390.24,
    745.67,
    1871.07,
    1890.46,
    685.24,
    878.46,
    1032.52,
    740.82,
    2244.83,
    471.12,
    1396.58,
    1939.33,
    1891.58,
    1714.77,
    1399.2,
    1731.93,
    564.38,
    1143.3,
    2172.47,
    766.93,
    63.79,
    1855.77,
    2017.29,
    929.94,
    1660.31,
    1892.33,
    2009.83,
    1711.79,
    1873.68,
    1345.85,
    587.13,
    1927.39,
    2160.9,
    1863.98,
    1341.0,
    2172.84,
    1299.6,
    722.54,
    1881.51,
    1943.8,
    2105.69,
    320.8,
    1605.1,
    1983.34,
    1222.01,
    1180.23,
    558.41,
    37.3,
    1654.34,
    2167.99,
    1273.86,
    647.56,
    1779.3,
    1866.22,
    693.82,
    711.35,
    1588.69,
    1888.97,
    1492.82,
    530.43,
    1135.1,
    692.32,
    1235.44,
    807.21,
    114.14,
    1962.08,
    899.72,
    1737.15,
    2284.74,
    528.2,
    1661.8,
    1333.54,
    1957.61,
    612.12,
    1561.09,
    1984.09,
    1241.04,
    1026.92,
    1896.43,
    1617.79,
    1624.87,
    495.0,
    944.11,
    336.09,
    1555.86,
    1566.31,
    1837.87,
    2197.08,
    2093.01,
    2120.24,
    1497.3,
    1641.66,
    2242.97,
    1103.02,
    2197.83,
    2355.99,
    935.16,
    1909.49,
    64.16,
    1658.07,
    1599.88,
    1451.05,
    1225.37,
    2035.19,
    1498.79,
    155.18,
    2384.71,
    2210.89,
    2130.31,
    1607.71,
    1669.63,
    1781.91,
    2338.46,
    239.11,
    1369.73,
    1353.69,
    607.28,
    2040.79,
    2304.14,
    1515.2,
    1984.09,
    1927.76,
    2286.24,
    1985.21,
    2127.7,
    1691.27,
    2065.78,
    873.98,
    1818.1,
    1145.54,
    2109.8,
    1755.43,
    573.7,
    2319.81,
    585.27,
    1927.02,
    60.8,
    1941.19,
    1643.9,
    1988.19,
    691.2,
    1987.82,
    1815.11,
    1440.6,
    580.05,
    629.66,
    2321.3,
    795.28,
    858.69,
    1179.86,
    844.14,
    687.1,
    2167.99,
    1220.89,
    1639.42,
    1547.66,
    1374.2,
    195.84,
    529.31,
    445.01,
    2137.77,
    745.29,
    2064.66,
    461.05,
    1055.27,
    1773.33,
    425.99,
    2099.35,
    423.38,
    1535.35,
    1405.16,
    1171.28,
    1540.57,
    724.78,
    1151.88,
    1935.22,
    2211.63,
    1668.89,
    813.93,
    2320.93,
    63.79,
    662.48,
    954.56,
    1680.45
  ],
  "spectrogram": "results/spectrograms/sentinel_832MHz_033306_spectrogram.png"
}