{
  "file": "captures/sentinel_832MHz_040621.iq",
  "freq_mhz": 832.0,
  "n_samples": 480000,
  "duration_ms": 200.0,
  "kurtosis": 341.682,
  "papr_db": 28.34,
  "pulse_count": 196,
  "prf_hz": 200000.0,
  "duty_cycle": 0.004104,
  "threshold": 0.029841,
  "pulse_widths_us": [
    2.92,
    2.08,
    4.17,
    5.0,
    5.83,
    14.17,
    9.58,
    8.33,
    5.83,
    2.92,
    3.75,
    1.25,
    2.08,
    3.75,
    1.67,
    2.5,
    3.33,
    2.5,
    7.08,
    1.67,
    4.58,
    2.92,
    1.25,
    1.67,
    6.25,
    4.17,
    7.92,
    12.08,
    1.67,
    1.67,
    4.17,
    3.75,
    15.0,
    2.08,
    1.67,
    4.17,
    4.58,
    7.5,
    1.25,
    6.25,
    12.08,
    1.67,
    11.25,
    2.5,
    2.5,
    6.67,
    1.25,
    8.33,
    1.67,
    8.33,
    1.25,
    1.25,
    2.08,
    1.25,
    1.67,
    4.17,
    1.25,
    5.42,
    3.33,
    2.5,
    5.0,
    1.25,
    1.67,
    2.5,
    7.08,
    1.25,
    9.58,
    9.58,
    3.75,
    3.75,
    2.08,
    7.08,
    4.58,
    6.67,
    2.92,
    3.33,
    8.75,
    6.25,
    6.25,
    1.67,
    5.83,
    1.67,
    2.5,
    2.5,
    7.08,
    2.08,
    7.92,
    7.5,
    4.58,
    1.67,
    3.33,
    5.0,
    3.33,
    1.67,
    1.67,
    2.92,
    2.92,
    1.67,
    1.67,
    2.08,
    2.92,
    1.67,
    10.83,
    3.75,
    5.42,
    2.08,
    5.83,
    2.5,
    2.5,
    7.08,
    1.67,
    2.08,
    1.67,
    4.58,
    2.08,
    3.75,
    1.67,
    2.92,
    1.25,
    3.33,
    5.0,
    1.67,
    10.83,
    2.5,
    1.67,
    8.33,
    5.0,
    8.33,
    1.67,
    1.25,
    1.67,
    5.0,
    4.17,
    6.25,
    1.67,
    1.25,
    4.58,
    1.25,
    2.5,
    5.0,
    4.58,
    6.25,
    2.92,
    6.25,
    11.25,
    5.42,
    10.0,
    4.58,
    4.17,
    6.67,
    4.58,
    2.5,
    1.25,
    3.75,
    5.83,
    1.25,
    1.67,
    1.67,
    1.67,
    2.5,
    5.0,
    1.25,
    3.75,
    5.83,
    1.25,
    1.67,
    3.75,
    2.5,
    5.0,
    2.5,
    1.67,
    5.42,
    2.5,
    5.42,
    1.67,
    1.25,
    2.08,
    1.25,
    12.92,
    1.67,
    1.25,
    10.0,
    4.17,
    10.0,
    1.25,
    1.67,
    10.0,
    3.33,
    1.67,
    3.33,
    5.42,
    2.5,
    10.42,
    7.08,
    6.67,
    5.83
  ],
  "pulse_bandwidths_khz": [
    626.67,
    1645.76,
    1710.67,
    1748.71,
    1089.96,
    2259.01,
    2009.83,
    2120.24,
    1639.05,
    718.44,
    1000.44,
    851.98,
    613.24,
    1359.28,
    837.8,
    754.99,
    1882.26,
    1240.66,
    2265.72,
    290.21,
    1143.68,
    1265.28,
    481.94,
    423.0,
    2316.45,
    1947.16,
    1953.13,
    1977.75,
    416.29,
    685.61,
    1510.73,
    1521.92,
    1880.02,
    1528.63,
    732.61,
    1463.73,
    1556.98,
    1530.87,
    1113.09,
    1966.56,
    1738.27,
    585.64,
    1976.26,
    1122.04,
    1457.01,
    2185.15,
    96.24,
    1650.98,
    1195.9,
    2208.27,
    647.56,
    1595.03,
    790.06,
    63.41,
    494.62,
    1976.26,
    306.62,
    1721.11,
    1089.96,
    1692.02,
    2030.72,
    319.3,
    729.63,
    870.63,
    2194.85,
    358.84,
    2071.75,
    2079.21,
    1481.63,
    1586.82,
    493.13,
    1682.32,
    1668.89,
    2147.85,
    1404.05,
    1830.03,
    1766.62,
    2035.94,
    1900.91,
    622.94,
    1754.68,
    588.62,
    2109.8,
    891.52,
    1962.08,
    903.45,
    2222.45,
    2014.3,
    1947.91,
    1514.46,
    1673.37,
    1906.13,
    1589.06,
    1366.74,
    645.32,
    1701.71,
    2139.64,
    530.43,
    1783.78,
    1967.3,
    973.58,
    858.69,
    1487.6,
    1104.14,
    1467.46,
    1512.97,
    2029.23,
    2148.59,
    1472.68,
    1559.97,
    608.02,
    973.58,
    621.45,
    1877.03,
    614.74,
    1057.14,
    758.72,
    1211.57,
    1032.52,
    1027.3,
    2205.29,
    1064.6,
    2029.23,
    1167.55,
    1187.69,
    1683.06,
    1751.7,
    1788.26,
    935.53,
    539.39,
    196.21,
    1831.53,
    1436.12,
    1463.73,
    1048.93,
    19.4,
    1668.14,
    240.22,
    1825.56,
    1892.7,
    1806.91,
    2062.8,
    909.42,
    1743.49,
    2135.16,
    1771.1,
    2207.53,
    2015.05,
    1308.55,
    1898.67,
    2062.05,
    875.1,
    260.37,
    1212.31,
    2120.24,
    214.11,
    586.39,
    1842.72,
    1016.85,
    1805.41,
    1149.65,
    350.64,
    1157.85,
    2079.96,
    263.35,
    612.5,
    1984.46,
    1732.3,
    1254.84,
    2159.04,
    1633.83,
    1789.75,
    869.88,
    1906.13,
    837.8,
    425.24,
    1180.23,
    621.45,
    2103.83,
    587.13,
    1066.84,
    2187.39,
    1448.06,
    2270.2,
    111.91,
    424.5,
    1954.62,
    1210.82,
    805.72,
    797.52,
    1821.08,
    2059.81,
    2297.05,
    2012.07,
    1502.52,
    1897.18
  ],
  "spectrogram": "results/spectrograms/sentinel_832MHz_040621_spectrogram.png"
}