{
  "file": "captures/sentinel_834MHz_032708.iq",
  "freq_mhz": 834.0,
  "n_samples": 480000,
  "duration_ms": 200.0,
  "kurtosis": 284.789,
  "papr_db": 26.94,
  "pulse_count": 129,
  "prf_hz": 154838.7,
  "duty_cycle": 0.004373,
  "threshold": 0.025831,
  "pulse_widths_us": [
    4.58,
    1.25,
    3.33,
    10.83,
    2.92,
    4.17,
    3.75,
    5.83,
    13.75,
    6.25,
    1.25,
    4.17,
    1.25,
    6.25,
    2.5,
    6.25,
    1.67,
    15.83,
    6.25,
    2.08,
    5.0,
    9.58,
    1.25,
    4.17,
    5.42,
    5.0,
    9.17,
    7.5,
    25.83,
    2.92,
    2.08,
    7.5,
    6.25,
    2.5,
    2.5,
    1.67,
    2.5,
    5.0,
    5.42,
    1.25,
    4.58,
    14.17,
    2.92,
    1.67,
    3.75,
    7.5,
    40.0,
    2.08,
    8.75,
    2.5,
    4.17,
    9.17,
    2.5,
    6.67,
    12.5,
    19.58,
    10.83,
    2.08,
    4.17,
    5.0,
    13.33,
    3.75,
    9.58,
    2.92,
    2.5,
    15.83,
    2.5,
    4.17,
    5.0,
    6.67,
    1.25,
    12.92,
    14.58,
    13.75,
    15.42,
    1.67,
    12.08,
    18.33,
    9.58,
    2.92,
    20.83,
    4.17,
    1.25,
    7.92,
    8.33,
    3.33,
    3.33,
    3.33,
    6.67,
    20.0,
    4.17,
    7.08,
    1.67,
    4.58,
    4.58,
    5.0,
    4.17,
    1.67,
    1.67,
    1.67,
    2.92,
    6.67,
    14.17,
    3.75,
    6.67,
    4.58,
    5.83,
    6.25,
    1.67,
    16.67,
    5.83,
    4.17,
    16.67,
    1.67,
    10.0,
    10.0,
    2.92,
    15.83,
    5.0,
    10.0,
    2.08,
    4.17,
    1.67,
    5.42,
    6.67,
    8.33,
    13.33,
    10.83,
    5.42
  ],
  "pulse_bandwidths_khz": [
    2282.13,
    58.94,
    114.14,
    2193.35,
    232.76,
    408.83,
    2274.67,
    2198.58,
    2305.26,
    520.74,
    2.24,
    2200.81,
    146.97,
    267.08,
    256.64,
    505.07,
    242.46,
    458.81,
    311.84,
    282.0,
    261.11,
    520.74,
    130.56,
    447.62,
    305.13,
    397.64,
    372.27,
    2267.96,
    2391.8,
    267.83,
    88.78,
    710.23,
    273.8,
    256.64,
    176.81,
    67.89,
    216.35,
    163.38,
    320.8,
    103.7,
    425.24,
    641.59,
    295.43,
    61.18,
    203.67,
    365.56,
    2280.64,
    132.79,
    569.23,
    38.05,
    452.1,
    578.18,
    155.18,
    412.56,
    394.65,
    657.26,
    2025.5,
    186.51,
    84.3,
    2229.16,
    646.82,
    355.86,
    475.97,
    504.32,
    169.35,
    393.16,
    268.57,
    2120.24,
    226.05,
    356.61,
    60.43,
    665.47,
    532.67,
    2325.4,
    2166.5,
    158.16,
    392.42,
    2312.72,
    378.24,
    118.62,
    1000.44,
    158.16,
    91.02,
    2186.64,
    486.42,
    94.0,
    175.32,
    233.51,
    520.74,
    2334.36,
    572.96,
    317.81,
    71.62,
    267.08,
    420.02,
    2245.58,
    153.68,
    76.1,
    70.13,
    75.35,
    130.56,
    348.4,
    2100.84,
    238.73,
    404.35,
    207.4,
    342.43,
    476.72,
    136.53,
    542.37,
    311.84,
    139.51,
    2250.05,
    131.3,
    628.91,
    524.47,
    128.32,
    1952.38,
    337.96,
    549.83,
    181.29,
    658.75,
    117.87,
    450.61,
    459.56,
    472.99,
    273.8,
    252.16,
    297.67
  ],
  "spectrogram": "results/spectrograms/sentinel_834MHz_032708_spectrogram.png"
}