{
  "file": "captures/sentinel_832MHz_034309.iq",
  "freq_mhz": 832.0,
  "n_samples": 480000,
  "duration_ms": 200.0,
  "kurtosis": 352.676,
  "papr_db": 30.12,
  "pulse_count": 184,
  "prf_hz": 200000.0,
  "duty_cycle": 0.004283,
  "threshold": 0.032274,
  "pulse_widths_us": [
    5.0,
    3.33,
    3.33,
    1.25,
    2.5,
    4.17,
    2.92,
    7.08,
    5.42,
    1.25,
    5.83,
    1.25,
    2.92,
    7.92,
    2.92,
    6.25,
    22.5,
    2.5,
    5.0,
    5.83,
    1.67,
    4.58,
    3.33,
    2.5,
    3.33,
    4.17,
    3.75,
    1.25,
    4.17,
    2.5,
    2.08,
    8.75,
    10.42,
    6.67,
    5.83,
    1.67,
    7.5,
    1.67,
    2.08,
    1.25,
    1.67,
    2.08,
    3.75,
    2.92,
    7.08,
    2.92,
    11.67,
    9.17,
    2.08,
    3.33,
    4.58,
    7.08,
    3.75,
    2.5,
    2.92,
    4.17,
    1.25,
    2.5,
    14.17,
    1.25,
    1.67,
    1.25,
    10.0,
    1.25,
    7.08,
    1.25,
    1.25,
    1.67,
    2.92,
    6.25,
    4.17,
    10.0,
    4.58,
    8.33,
    1.67,
    1.25,
    2.5,
    6.67,
    4.17,
    1.67,
    4.58,
    2.08,
    2.92,
    5.0,
    6.67,
    9.17,
    8.33,
    3.75,
    4.17,
    8.75,
    1.67,
    1.25,
    2.92,
    5.42,
    2.08,
    2.5,
    7.92,
    4.58,
    8.33,
    5.0,
    17.92,
    3.33,
    6.25,
    4.17,
    2.08,
    7.08,
    6.67,
    10.83,
    7.08,
    12.08,
    2.08,
    2.08,
    1.67,
    7.5,
    4.17,
    2.5,
    3.75,
    2.08,
    1.67,
    3.75,
    17.5,
    10.83,
    5.83,
    3.75,
    1.67,
    3.33,
    9.58,
    7.08,
    2.08,
    3.75,
    6.25,
    1.67,
    7.5,
    7.5,
    5.42,
    8.33,
    1.25,
    7.92,
    4.17,
    5.42,
    3.33,
    3.33,
    3.33,
    1.67,
    2.08,
    6.25,
    2.5,
    1.67,
    4.58,
    2.5,
    3.33,
    20.42,
    4.58,
    4.17,
    2.5,
    3.75,
    12.08,
    8.33,
    5.83,
    4.17,
    1.25,
    2.08,
    2.08,
    1.67,
    2.92,
    1.25,
    2.5,
    1.67,
    1.67,
    1.25,
    3.75,
    1.25,
    4.58,
    7.5,
    1.67,
    11.67,
    5.0,
    7.5,
    2.08,
    7.5,
    3.75,
    2.92,
    2.08,
    1.25
  ],
  "pulse_bandwidths_khz": [
    1362.27,
    1350.52,
    1464.85,
    686.45,
    1500.56,
    2064.57,
    1621.8,
    2363.08,
    1727.55,
    51.01,
    1921.89,
    299.25,
    1394.72,
    1880.58,
    1629.44,
    1821.17,
    2296.59,
    652.13,
    1819.03,
    1485.92,
    715.73,
    1970.01,
    1499.54,
    1524.9,
    1663.67,
    2011.04,
    2079.49,
    517.28,
    2221.52,
    799.57,
    991.77,
    1786.2,
    2060.37,
    2215.46,
    1604.17,
    108.83,
    1443.4,
    716.85,
    1829.29,
    435.41,
    500.5,
    2001.53,
    1853.07,
    1505.23,
    1744.43,
    971.62,
    1820.89,
    2110.17,
    1710.85,
    1423.16,
    1699.57,
    2328.67,
    1533.76,
    1541.13,
    1728.94,
    2016.92,
    618.37,
    837.62,
    2012.53,
    875.85,
    251.69,
    298.14,
    2003.86,
    659.4,
    2064.48,
    960.06,
    561.21,
    837.52,
    1589.34,
    2242.5,
    1497.21,
    2090.4,
    2178.9,
    2030.44,
    1212.5,
    219.06,
    2016.73,
    2202.96,
    1933.08,
    767.3,
    2124.44,
    1398.82,
    1047.35,
    1561.46,
    2096.84,
    1534.97,
    2053.84,
    1663.11,
    2149.43,
    2111.38,
    614.64,
    78.61,
    1200.84,
    2141.22,
    1011.63,
    1308.46,
    2150.18,
    1988.94,
    2148.68,
    2235.13,
    2327.17,
    1424.47,
    1698.08,
    1369.07,
    1215.58,
    2264.23,
    2112.41,
    2017.29,
    1957.42,
    2368.39,
    812.44,
    1526.4,
    132.52,
    2228.6,
    1354.62,
    1371.31,
    2040.51,
    1110.39,
    1296.8,
    2029.13,
    2072.87,
    2256.58,
    1785.64,
    2126.77,
    1418.69,
    1144.8,
    2299.66,
    2287.17,
    1541.6,
    1454.68,
    1984.09,
    1067.02,
    1732.21,
    2221.8,
    2319.9,
    1528.17,
    1620.96,
    1779.77,
    1646.23,
    1911.26,
    1509.8,
    1467.55,
    1698.82,
    157.23,
    1479.3,
    1243.18,
    684.77,
    885.17,
    1947.07,
    1890.65,
    1698.92,
    2015.33,
    1243.74,
    1560.43,
    1384.83,
    962.95,
    2230.66,
    1759.16,
    2165.28,
    1573.3,
    381.79,
    1594.47,
    673.39,
    215.61,
    1776.32,
    565.68,
    1008.08,
    1032.61,
    1596.52,
    572.21,
    1084.09,
    501.15,
    2247.07,
    2139.45,
    457.32,
    2123.6,
    2004.05,
    1834.6,
    1597.92,
    2124.72,
    1624.41,
    1535.53,
    1672.15,
    418.81
  ],
  "spectrogram": "results/spectrograms/sentinel_832MHz_034309_spectrogram.png"
}