{
  "file": "captures/sentinel_828MHz_111734.iq",
  "freq_mhz": 828.0,
  "n_samples": 480000,
  "duration_ms": 200.0,
  "kurtosis": 221.851,
  "papr_db": 25.32,
  "pulse_count": 224,
  "prf_hz": 240000.0,
  "duty_cycle": 0.003994,
  "threshold": 0.021511,
  "pulse_widths_us": [
    1.67,
    1.25,
    3.33,
    1.25,
    1.67,
    1.25,
    2.08,
    4.17,
    4.17,
    5.83,
    1.67,
    3.75,
    1.67,
    1.67,
    2.08,
    1.67,
    1.25,
    1.25,
    5.83,
    4.17,
    5.83,
    2.92,
    2.08,
    2.92,
    4.58,
    1.67,
    9.58,
    5.83,
    9.17,
    2.08,
    1.25,
    2.92,
    2.92,
    1.67,
    2.92,
    1.25,
    3.33,
    1.67,
    1.67,
    9.17,
    4.17,
    8.75,
    1.67,
    2.5,
    8.75,
    2.08,
    2.08,
    2.08,
    1.25,
    2.5,
    3.33,
    1.25,
    4.17,
    2.92,
    9.58,
    2.92,
    4.17,
    1.25,
    1.67,
    2.5,
    2.08,
    9.58,
    3.33,
    7.08,
    3.33,
    1.25,
    5.42,
    1.67,
    1.67,
    13.33,
    2.5,
    2.92,
    9.58,
    1.67,
    2.92,
    1.67,
    6.25,
    1.67,
    3.75,
    3.75,
    5.0,
    2.5,
    2.5,
    1.25,
    4.17,
    7.92,
    3.75,
    1.25,
    3.75,
    12.5,
    1.25,
    1.25,
    1.67,
    8.75,
    2.08,
    6.25,
    2.08,
    7.08,
    1.67,
    1.67,
    1.25,
    1.67,
    2.08,
    13.33,
    2.5,
    2.5,
    2.08,
    1.67,
    1.67,
    9.17,
    5.0,
    5.0,
    2.08,
    1.67,
    2.08,
    1.67,
    1.25,
    2.08,
    5.42,
    2.92,
    4.17,
    1.25,
    1.25,
    3.33,
    2.92,
    7.08,
    2.08,
    2.92,
    2.5,
    2.92,
    6.67,
    3.33,
    4.58,
    3.33,
    2.5,
    1.25,
    1.67,
    1.25,
    14.58,
    1.67,
    8.75,
    4.58,
    1.25,
    5.42,
    2.92,
    2.92,
    1.25,
    5.83,
    5.42,
    1.67,
    2.08,
    9.17,
    3.33,
    4.58,
    2.08,
    7.08,
    1.67,
    2.5,
    2.92,
    1.67,
    1.25,
    1.25,
    3.33,
    4.17,
    2.08,
    1.67,
    3.75,
    1.67,
    2.08,
    4.17,
    4.17,
    9.58,
    9.58,
    4.17,
    8.33,
    2.5,
    1.25,
    3.75,
    2.5,
    1.25,
    2.08,
    6.25,
    1.67,
    5.42,
    6.67,
    1.25,
    5.0,
    3.75,
    1.25,
    1.25,
    5.42,
    2.08,
    2.92,
    2.08,
    1.25,
    5.0,
    3.75,
    1.67,
    3.75,
    6.67,
    1.67,
    4.17,
    3.33,
    1.67,
    1.25,
    1.25,
    3.75,
    2.92,
    2.08,
    1.25,
    1.67,
    5.42,
    5.83,
    8.33,
    2.92,
    7.08,
    7.92,
    1.25,
    1.67,
    5.0,
    2.92,
    1.25,
    5.0,
    1.67
  ],
  "pulse_bandwidths_khz": [
    704.26,
    251.42,
    781.85,
    898.98,
    1135.47,
    352.88,
    226.8,
    1386.14,
    1843.46,
    1498.05,
    1381.66,
    1787.51,
    696.05,
    505.81,
    1871.81,
    1767.37,
    77.59,
    423.75,
    1755.43,
    1312.28,
    2197.08,
    1181.73,
    684.12,
    1894.94,
    1965.07,
    150.7,
    1671.87,
    1452.54,
    2146.35,
    2118.0,
    1738.27,
    938.52,
    773.64,
    664.72,
    1496.55,
    42.52,
    1460.0,
    294.69,
    402.11,
    1867.34,
    1064.6,
    1713.65,
    1941.19,
    1684.56,
    1848.68,
    1204.11,
    936.28,
    1326.46,
    787.82,
    1830.03,
    1648.0,
    395.4,
    1557.73,
    708.74,
    2093.38,
    1085.49,
    1262.3,
    337.21,
    1104.14,
    1103.39,
    840.79,
    2076.97,
    2270.2,
    2047.88,
    1743.49,
    287.22,
    1278.71,
    1697.24,
    504.32,
    2050.86,
    978.06,
    661.74,
    1945.67,
    1093.69,
    1121.3,
    410.32,
    1524.16,
    681.88,
    1131.74,
    1750.95,
    1672.62,
    677.4,
    339.45,
    65.65,
    1765.13,
    1547.28,
    1550.27,
    1583.09,
    1651.73,
    2065.78,
    673.67,
    1001.18,
    1480.14,
    2086.67,
    1084.74,
    1516.7,
    922.1,
    2136.66,
    291.7,
    331.99,
    561.77,
    393.91,
    1380.92,
    2273.18,
    895.99,
    779.61,
    1403.3,
    565.5,
    919.12,
    2073.24,
    1382.41,
    1713.65,
    513.27,
    1162.33,
    852.72,
    717.69,
    15.67,
    1086.23,
    1492.82,
    1480.89,
    1314.52,
    623.69,
    9.7,
    1129.5,
    1454.03,
    1809.14,
    1924.03,
    690.09,
    1134.72,
    1489.84,
    2185.89,
    2071.75,
    2138.15,
    2150.08,
    1868.83,
    408.08,
    2096.37,
    297.67,
    2065.78,
    1216.04,
    1695.0,
    2091.89,
    205.16,
    1711.41,
    1498.05,
    831.09,
    448.37,
    2086.67,
    2004.61,
    1493.57,
    987.76,
    2177.69,
    963.88,
    1722.6,
    512.53,
    2305.26,
    1201.87,
    1063.85,
    890.02,
    916.14,
    352.13,
    1001.18,
    1397.33,
    1242.15,
    1233.2,
    578.93,
    1928.51,
    1139.2,
    1050.42,
    2113.53,
    2301.53,
    2129.94,
    1655.46,
    2198.58,
    1991.18,
    1861.37,
    546.85,
    1048.18,
    1488.35,
    1060.87,
    1415.24,
    1889.72,
    249.92,
    1405.54,
    2147.85,
    64.16,
    1579.36,
    1357.79,
    875.85,
    276.78,
    2095.62,
    654.28,
    1686.05,
    150.7,
    277.53,
    1135.47,
    1496.55,
    1186.2,
    1149.65,
    1728.57,
    1492.08,
    1686.79,
    937.02,
    624.43,
    155.18,
    13.43,
    1878.53,
    1451.79,
    699.04,
    798.26,
    668.45,
    1789.75,
    1293.63,
    1877.78,
    1004.91,
    1891.95,
    2096.37,
    265.59,
    379.73,
    1803.18,
    1753.94,
    89.52,
    2009.08,
    696.8
  ],
  "spectrogram": "results/spectrograms/sentinel_828MHz_111734_spectrogram.png"
}