{
  "file": "captures/sentinel_828MHz_025229.iq",
  "freq_mhz": 828.0,
  "n_samples": 480000,
  "duration_ms": 200.0,
  "kurtosis": 211.609,
  "papr_db": 26.03,
  "pulse_count": 228,
  "prf_hz": 252631.6,
  "duty_cycle": 0.003883,
  "threshold": 0.020169,
  "pulse_widths_us": [
    2.5,
    3.33,
    2.92,
    2.92,
    5.83,
    2.5,
    2.08,
    1.67,
    6.67,
    2.08,
    3.75,
    1.67,
    2.92,
    2.08,
    2.08,
    2.5,
    2.5,
    2.08,
    11.67,
    1.25,
    1.25,
    2.5,
    2.92,
    1.67,
    1.25,
    1.67,
    3.75,
    1.25,
    2.5,
    4.17,
    5.42,
    2.5,
    4.58,
    7.5,
    6.67,
    1.25,
    1.25,
    5.42,
    5.42,
    5.0,
    2.08,
    1.67,
    5.0,
    4.17,
    1.25,
    2.5,
    2.08,
    1.67,
    2.92,
    2.08,
    2.92,
    3.33,
    1.67,
    4.58,
    7.5,
    1.25,
    8.33,
    7.92,
    1.25,
    5.0,
    1.67,
    3.75,
    5.83,
    2.08,
    3.75,
    5.83,
    2.5,
    1.67,
    4.17,
    3.33,
    5.0,
    1.67,
    3.33,
    2.5,
    12.08,
    2.5,
    4.17,
    1.67,
    4.17,
    1.67,
    6.25,
    2.92,
    2.92,
    3.33,
    1.25,
    5.42,
    5.42,
    1.67,
    2.92,
    5.0,
    1.25,
    2.08,
    1.25,
    4.58,
    1.67,
    2.5,
    7.92,
    5.83,
    3.75,
    2.08,
    10.0,
    4.17,
    2.5,
    2.5,
    1.25,
    1.67,
    1.67,
    2.08,
    2.08,
    2.92,
    1.67,
    1.67,
    3.75,
    2.92,
    2.92,
    2.08,
    5.0,
    1.67,
    4.58,
    3.33,
    3.33,
    2.5,
    5.42,
    3.33,
    5.83,
    2.08,
    1.25,
    3.33,
    1.67,
    1.25,
    2.92,
    2.08,
    1.67,
    2.08,
    5.0,
    1.25,
    2.92,
    3.33,
    5.42,
    8.33,
    2.08,
    2.08,
    10.0,
    5.83,
    2.5,
    2.08,
    5.83,
    2.08,
    2.5,
    6.25,
    2.5,
    4.58,
    2.92,
    1.25,
    6.67,
    1.67,
    1.67,
    3.33,
    3.75,
    1.25,
    1.25,
    2.92,
    2.92,
    1.25,
    4.58,
    3.75,
    2.92,
    3.75,
    1.67,
    3.33,
    7.5,
    2.92,
    2.92,
    1.67,
    2.92,
    2.92,
    1.25,
    1.25,
    1.25,
    2.08,
    13.75,
    1.67,
    5.0,
    8.33,
    4.58,
    3.33,
    2.5,
    4.17,
    2.08,
    4.17,
    1.25,
    2.92,
    2.5,
    4.17,
    9.17,
    3.33,
    2.92,
    1.25,
    3.33,
    4.17,
    2.5,
    4.58,
    2.92,
    4.58,
    1.67,
    2.92,
    2.5,
    4.17,
    2.5,
    1.67,
    2.5,
    7.08,
    3.75,
    1.67,
    4.58,
    6.67,
    1.67,
    3.33,
    1.25,
    10.0,
    1.25,
    2.92,
    1.25,
    1.67,
    3.33,
    2.92,
    2.5,
    7.08
  ],
  "pulse_bandwidths_khz": [
    1581.6,
    1781.54,
    1166.06,
    1509.98,
    2281.39,
    1891.21,
    1556.24,
    1002.68,
    2094.13,
    1122.04,
    2093.38,
    711.72,
    1464.47,
    1375.7,
    584.89,
    1551.01,
    1483.12,
    1612.19,
    2281.39,
    236.49,
    771.4,
    875.85,
    1352.57,
    851.98,
    331.24,
    1724.84,
    1870.32,
    188.0,
    1274.23,
    1933.73,
    1821.08,
    1093.69,
    2248.56,
    1711.41,
    2112.04,
    376.0,
    1225.0,
    2194.1,
    1340.63,
    1551.76,
    1048.18,
    1188.44,
    1521.92,
    1418.22,
    892.26,
    1389.87,
    1876.29,
    1952.38,
    1636.06,
    1839.73,
    1229.47,
    2135.91,
    1577.87,
    1809.89,
    1978.49,
    194.72,
    2371.66,
    2253.78,
    680.39,
    1651.73,
    847.5,
    1680.08,
    1193.66,
    1348.84,
    1878.53,
    1886.73,
    1389.87,
    133.54,
    1735.29,
    1293.63,
    2152.32,
    193.22,
    2236.62,
    972.83,
    2047.13,
    584.89,
    1930.75,
    1846.45,
    1885.24,
    874.36,
    2146.35,
    996.71,
    2315.7,
    1764.38,
    756.48,
    1950.15,
    2124.72,
    910.91,
    2095.62,
    2017.29,
    596.83,
    1309.3,
    1053.41,
    2194.1,
    1245.14,
    794.53,
    1466.71,
    1716.64,
    942.99,
    2111.29,
    2256.77,
    1199.63,
    1918.07,
    1758.41,
    606.53,
    1562.21,
    1802.43,
    1298.85,
    1950.15,
    1283.19,
    675.17,
    743.05,
    2207.53,
    2037.43,
    2293.32,
    498.35,
    2007.59,
    486.42,
    1694.25,
    1521.92,
    1856.14,
    1655.46,
    2041.91,
    1309.3,
    2209.02,
    1398.82,
    474.48,
    1949.4,
    2004.61,
    517.75,
    801.25,
    1469.7,
    783.34,
    665.47,
    1941.19,
    453.59,
    1030.28,
    1518.93,
    1766.62,
    1901.65,
    1195.15,
    787.82,
    2063.54,
    2205.29,
    907.18,
    731.12,
    2073.99,
    903.45,
    1897.18,
    2192.61,
    1770.35,
    1506.25,
    1347.35,
    511.04,
    1950.15,
    1240.66,
    1249.62,
    1112.34,
    2000.88,
    517.0,
    384.21,
    2106.07,
    942.25,
    364.81,
    1760.65,
    1840.48,
    2261.99,
    2280.64,
    750.51,
    1504.01,
    2065.04,
    997.45,
    1076.53,
    648.31,
    1935.22,
    1211.57,
    112.65,
    142.49,
    307.37,
    1730.81,
    2154.56,
    625.18,
    1805.41,
    2172.47,
    1937.46,
    1904.64,
    1326.46,
    1804.67,
    616.23,
    2062.8,
    88.03,
    2023.26,
    1142.93,
    2020.27,
    1665.16,
    1577.13,
    1257.82,
    1327.2,
    880.33,
    1856.89,
    1988.19,
    1442.84,
    1739.76,
    2159.04,
    1854.65,
    1125.03,
    1813.62,
    1597.27,
    1599.51,
    934.79,
    1127.26,
    1591.3,
    1457.76,
    478.21,
    1670.38,
    1926.27,
    152.94,
    1871.07,
    206.65,
    2207.53,
    11.94,
    1690.52,
    336.46,
    1078.03,
    1753.19,
    1100.41,
    1128.76,
    2006.84
  ],
  "spectrogram": "results/spectrograms/sentinel_828MHz_025229_spectrogram.png"
}