{
  "file": "captures/sentinel_834MHz_023436.iq",
  "freq_mhz": 834.0,
  "n_samples": 480000,
  "duration_ms": 200.0,
  "kurtosis": 297.625,
  "papr_db": 27.3,
  "pulse_count": 124,
  "prf_hz": 150000.0,
  "duty_cycle": 0.00439,
  "threshold": 0.027219,
  "pulse_widths_us": [
    1.25,
    5.83,
    10.0,
    1.67,
    2.5,
    2.5,
    28.33,
    5.83,
    3.75,
    6.67,
    9.17,
    1.67,
    15.83,
    2.92,
    2.5,
    1.67,
    4.58,
    9.17,
    1.67,
    1.25,
    12.08,
    2.08,
    33.75,
    3.75,
    7.92,
    6.25,
    7.08,
    1.67,
    2.92,
    2.08,
    2.08,
    5.0,
    5.83,
    1.25,
    4.58,
    14.17,
    3.33,
    1.67,
    3.75,
    7.5,
    15.42,
    23.75,
    1.67,
    8.33,
    2.5,
    4.17,
    8.75,
    2.92,
    7.08,
    12.5,
    30.83,
    2.08,
    9.17,
    13.33,
    3.33,
    12.92,
    2.5,
    7.92,
    3.75,
    6.67,
    4.58,
    5.42,
    6.67,
    1.25,
    12.92,
    14.58,
    13.75,
    15.42,
    1.67,
    12.08,
    1.25,
    16.67,
    9.17,
    3.33,
    20.42,
    4.17,
    1.67,
    7.92,
    8.33,
    3.33,
    3.75,
    6.67,
    2.92,
    20.83,
    4.58,
    6.67,
    1.67,
    9.17,
    5.0,
    4.58,
    1.67,
    1.67,
    1.25,
    2.5,
    6.67,
    12.5,
    20.0,
    5.42,
    1.67,
    17.08,
    6.67,
    4.58,
    6.25,
    2.08,
    8.33,
    7.92,
    1.67,
    7.5,
    2.5,
    9.58,
    2.5,
    9.17,
    6.25,
    5.0,
    10.42,
    1.67,
    4.58,
    2.5,
    5.42,
    7.08,
    8.75,
    13.33,
    10.83,
    5.42
  ],
  "pulse_bandwidths_khz": [
    32.08,
    308.11,
    261.11,
    112.65,
    91.02,
    51.48,
    2353.01,
    284.24,
    314.08,
    258.13,
    496.12,
    132.05,
    536.4,
    131.3,
    143.24,
    108.92,
    235.75,
    337.21,
    159.65,
    302.15,
    423.0,
    123.84,
    2359.72,
    102.21,
    353.62,
    719.18,
    2293.32,
    232.02,
    212.62,
    146.22,
    240.22,
    135.78,
    376.75,
    220.83,
    401.37,
    458.07,
    255.89,
    135.03,
    105.19,
    447.62,
    2304.51,
    2092.64,
    56.7,
    361.83,
    100.72,
    391.67,
    501.34,
    145.48,
    347.65,
    2288.85,
    1983.72,
    67.89,
    2136.66,
    681.13,
    144.73,
    2291.09,
    110.41,
    396.15,
    299.91,
    517.0,
    2274.67,
    204.41,
    317.81,
    46.25,
    581.91,
    577.43,
    2212.75,
    2299.29,
    261.11,
    420.77,
    224.56,
    2231.4,
    287.97,
    208.14,
    1066.09,
    257.38,
    76.84,
    2032.96,
    406.59,
    129.06,
    281.26,
    487.16,
    211.13,
    2311.23,
    539.39,
    296.92,
    288.72,
    419.27,
    2375.39,
    251.42,
    159.65,
    96.24,
    265.59,
    49.98,
    353.62,
    2292.58,
    697.55,
    434.19,
    380.48,
    2273.93,
    381.97,
    173.08,
    564.01,
    172.33,
    190.24,
    469.26,
    146.97,
    448.37,
    185.76,
    521.48,
    165.62,
    2284.37,
    487.91,
    282.0,
    2236.62,
    70.87,
    793.79,
    249.18,
    448.37,
    471.5,
    537.89,
    271.56,
    225.3,
    256.64
  ],
  "spectrogram": "results/spectrograms/sentinel_834MHz_023436_spectrogram.png"
}