{
  "file": "captures/sentinel_828MHz_033925.iq",
  "freq_mhz": 828.0,
  "n_samples": 480000,
  "duration_ms": 200.0,
  "kurtosis": 210.065,
  "papr_db": 25.45,
  "pulse_count": 227,
  "prf_hz": 252631.6,
  "duty_cycle": 0.003729,
  "threshold": 0.020041,
  "pulse_widths_us": [
    4.17,
    1.25,
    2.92,
    9.17,
    5.0,
    2.92,
    1.25,
    6.67,
    1.67,
    1.67,
    1.67,
    2.5,
    1.67,
    4.58,
    4.17,
    4.58,
    2.5,
    1.25,
    1.67,
    1.67,
    2.92,
    1.67,
    4.58,
    10.83,
    5.83,
    1.67,
    2.5,
    1.25,
    4.17,
    4.58,
    5.0,
    1.67,
    3.75,
    1.67,
    1.25,
    2.08,
    4.58,
    5.0,
    1.67,
    1.67,
    4.17,
    1.25,
    2.92,
    3.33,
    3.75,
    6.67,
    3.33,
    1.67,
    5.0,
    2.5,
    2.08,
    2.08,
    1.25,
    1.67,
    2.92,
    5.0,
    2.08,
    1.67,
    3.75,
    2.92,
    2.92,
    3.33,
    1.25,
    4.58,
    2.92,
    1.25,
    7.5,
    2.5,
    5.0,
    2.5,
    3.33,
    5.83,
    6.25,
    3.75,
    5.42,
    5.0,
    2.08,
    1.25,
    1.25,
    1.25,
    2.08,
    1.25,
    1.67,
    2.08,
    2.92,
    2.08,
    3.33,
    1.25,
    1.67,
    4.58,
    3.33,
    2.08,
    2.5,
    1.25,
    1.67,
    1.67,
    1.25,
    1.25,
    2.92,
    7.08,
    2.5,
    1.67,
    7.5,
    2.08,
    4.17,
    1.25,
    1.67,
    2.5,
    3.33,
    3.33,
    1.67,
    3.33,
    1.67,
    2.08,
    1.25,
    4.58,
    2.5,
    1.67,
    8.33,
    3.33,
    1.67,
    2.5,
    1.25,
    3.33,
    1.67,
    3.75,
    3.33,
    6.25,
    1.25,
    2.08,
    5.83,
    7.5,
    5.83,
    3.33,
    1.67,
    3.75,
    5.83,
    1.67,
    1.25,
    1.25,
    3.75,
    3.75,
    3.33,
    1.67,
    13.33,
    1.25,
    2.08,
    2.5,
    4.58,
    2.08,
    1.25,
    11.67,
    3.33,
    2.08,
    1.67,
    3.33,
    2.08,
    2.08,
    3.75,
    5.83,
    3.33,
    1.67,
    1.25,
    2.08,
    2.08,
    2.92,
    2.92,
    2.92,
    8.33,
    4.17,
    1.25,
    1.25,
    2.08,
    4.58,
    3.33,
    3.75,
    1.67,
    1.25,
    2.92,
    2.08,
    3.75,
    5.42,
    5.0,
    2.5,
    3.75,
    2.08,
    7.08,
    5.0,
    6.67,
    1.67,
    5.0,
    3.75,
    3.33,
    5.0,
    1.25,
    9.17,
    5.83,
    3.75,
    4.58,
    5.42,
    1.67,
    1.25,
    1.67,
    7.92,
    3.75,
    1.67,
    1.25,
    5.83,
    2.92,
    2.92,
    3.75,
    1.67,
    4.17,
    3.75,
    1.25,
    1.25,
    2.5,
    3.75,
    2.08,
    1.25,
    12.5,
    5.42,
    3.33,
    2.92,
    5.0,
    2.92,
    2.5
  ],
  "pulse_bandwidths_khz": [
    2169.67,
    387.57,
    1668.7,
    2114.46,
    2139.64,
    1883.0,
    833.14,
    2198.02,
    805.91,
    411.81,
    790.43,
    1791.24,
    451.17,
    1649.12,
    1850.92,
    2066.71,
    2124.16,
    83.37,
    396.33,
    894.31,
    1655.09,
    1446.94,
    1810.64,
    1921.8,
    1905.2,
    1020.02,
    1236.75,
    333.85,
    1959.66,
    1896.43,
    1781.91,
    193.78,
    1592.42,
    830.34,
    1115.7,
    1724.1,
    1650.05,
    2031.09,
    899.91,
    1062.55,
    2109.61,
    164.5,
    2130.5,
    1060.87,
    1744.61,
    1762.14,
    1674.86,
    1690.52,
    2230.47,
    755.74,
    1178.93,
    1142.56,
    344.48,
    337.96,
    914.64,
    1262.11,
    1268.64,
    123.66,
    1714.96,
    1562.02,
    2087.79,
    2100.66,
    808.15,
    1138.83,
    1486.3,
    154.62,
    1962.83,
    747.72,
    2219.65,
    887.97,
    1969.54,
    1743.68,
    1589.44,
    1851.85,
    1953.13,
    2106.44,
    951.2,
    1110.85,
    893.75,
    326.76,
    1074.3,
    1001.0,
    1279.46,
    1762.89,
    1731.56,
    1346.23,
    1874.8,
    827.36,
    2127.33,
    1879.27,
    2142.44,
    1572.65,
    1173.52,
    724.96,
    415.73,
    909.61,
    204.04,
    680.95,
    816.73,
    2332.12,
    1747.41,
    1277.96,
    2210.7,
    459.0,
    2022.88,
    1077.09,
    1191.42,
    1417.29,
    2084.25,
    1838.61,
    821.76,
    1924.78,
    1504.2,
    2083.69,
    341.87,
    2288.85,
    1077.65,
    506.93,
    2161.65,
    1624.5,
    1006.78,
    791.36,
    273.98,
    1081.38,
    643.09,
    1578.24,
    1864.72,
    1656.77,
    1182.66,
    1540.01,
    1737.34,
    2114.09,
    2097.86,
    1709.55,
    1786.02,
    1232.46,
    1987.26,
    644.95,
    209.82,
    786.7,
    2262.36,
    1691.08,
    2031.09,
    1155.99,
    2242.78,
    80.76,
    1001.93,
    903.27,
    1705.07,
    1228.73,
    430.46,
    2049.55,
    1420.08,
    2155.49,
    939.64,
    1398.26,
    1468.02,
    1471.93,
    1749.83,
    2276.35,
    1834.14,
    629.84,
    667.52,
    1170.72,
    627.42,
    1679.33,
    2162.02,
    1551.39,
    2246.7,
    2072.5,
    1356.11,
    336.28,
    1703.39,
    2004.23,
    1600.44,
    1681.57,
    545.17,
    244.51,
    522.97,
    718.62,
    1698.36,
    1790.87,
    1525.46,
    2081.63,
    2297.8,
    690.46,
    2136.84,
    2364.2,
    1949.77,
    1655.65,
    2115.95,
    2053.47,
    1049.68,
    1296.24,
    113.21,
    2098.61,
    1666.09,
    2135.16,
    2071.0,
    839.11,
    789.5,
    477.28,
    1320.49,
    2217.41,
    904.2,
    976.56,
    272.86,
    1701.53,
    1140.69,
    961.08,
    1522.48,
    891.89,
    2087.79,
    1776.5,
    458.07,
    215.05,
    1746.29,
    1855.77,
    1114.02,
    879.58,
    2010.39,
    1800.38,
    1079.14,
    1324.22,
    1966.93,
    1544.3,
    824.56
  ],
  "spectrogram": "results/spectrograms/sentinel_828MHz_033925_spectrogram.png"
}