{
  "file": "captures/sentinel_834MHz_020232.iq",
  "freq_mhz": 834.0,
  "n_samples": 480000,
  "duration_ms": 200.0,
  "kurtosis": 285.641,
  "papr_db": 27.37,
  "pulse_count": 147,
  "prf_hz": 165517.2,
  "duty_cycle": 0.004188,
  "threshold": 0.023722,
  "pulse_widths_us": [
    2.08,
    9.58,
    7.5,
    3.33,
    5.83,
    7.5,
    1.67,
    1.67,
    5.42,
    2.5,
    4.58,
    2.5,
    1.25,
    6.67,
    8.75,
    1.25,
    15.42,
    2.5,
    2.5,
    1.67,
    5.0,
    9.17,
    3.33,
    2.08,
    11.67,
    2.92,
    3.33,
    2.92,
    5.42,
    11.67,
    2.5,
    2.92,
    1.25,
    5.83,
    4.17,
    5.0,
    5.42,
    6.67,
    2.08,
    2.5,
    1.67,
    2.08,
    5.0,
    1.67,
    3.75,
    4.58,
    14.17,
    2.5,
    1.67,
    3.33,
    2.92,
    6.67,
    2.5,
    2.5,
    8.75,
    1.25,
    3.33,
    12.08,
    3.75,
    7.92,
    7.5,
    8.75,
    2.5,
    2.92,
    3.33,
    20.0,
    12.92,
    12.92,
    4.17,
    5.0,
    4.17,
    7.5,
    3.75,
    10.42,
    2.08,
    3.33,
    6.25,
    2.5,
    5.83,
    4.17,
    4.17,
    5.83,
    2.5,
    8.75,
    14.58,
    13.75,
    15.42,
    1.67,
    12.5,
    8.33,
    7.08,
    9.17,
    3.75,
    20.83,
    4.58,
    19.58,
    3.33,
    3.33,
    2.92,
    2.92,
    3.33,
    20.0,
    2.08,
    1.25,
    5.0,
    1.25,
    4.17,
    4.17,
    2.08,
    2.92,
    4.58,
    1.67,
    1.67,
    1.67,
    2.5,
    7.08,
    10.42,
    1.67,
    13.33,
    16.25,
    4.58,
    2.92,
    11.67,
    4.17,
    5.83,
    1.25,
    1.25,
    8.33,
    7.5,
    1.25,
    7.5,
    9.17,
    2.92,
    4.17,
    2.08,
    2.08,
    10.42,
    10.0,
    2.08,
    1.67,
    2.08,
    5.42,
    6.67,
    9.17,
    13.33,
    10.42,
    5.42
  ],
  "pulse_bandwidths_khz": [
    116.38,
    478.58,
    503.58,
    409.95,
    2255.28,
    427.48,
    86.54,
    197.33,
    227.54,
    206.65,
    283.87,
    187.26,
    81.32,
    314.46,
    353.62,
    9.7,
    595.34,
    164.5,
    134.66,
    67.14,
    238.73,
    393.91,
    501.34,
    42.9,
    2293.32,
    320.8,
    187.63,
    145.48,
    2282.13,
    491.27,
    264.1,
    194.34,
    2184.77,
    439.79,
    346.16,
    427.85,
    578.93,
    351.76,
    240.6,
    71.62,
    27.98,
    187.26,
    166.74,
    171.59,
    215.98,
    481.19,
    527.08,
    329.38,
    272.3,
    195.46,
    168.98,
    400.25,
    175.32,
    110.41,
    524.84,
    32.08,
    163.01,
    412.93,
    389.81,
    307.37,
    1625.99,
    344.67,
    85.05,
    167.86,
    273.8,
    488.66,
    478.21,
    2098.23,
    292.07,
    2185.89,
    183.9,
    340.19,
    253.65,
    543.49,
    224.18,
    2272.43,
    204.41,
    264.84,
    493.5,
    2276.54,
    152.56,
    286.11,
    47.0,
    353.25,
    467.02,
    2146.73,
    616.6,
    184.27,
    665.47,
    354.0,
    2221.33,
    359.22,
    269.69,
    2274.3,
    260.74,
    2364.94,
    95.87,
    207.4,
    139.14,
    119.74,
    243.95,
    2290.71,
    99.97,
    105.94,
    369.29,
    51.85,
    198.82,
    213.37,
    435.69,
    352.13,
    261.86,
    53.71,
    2148.59,
    121.23,
    26.48,
    230.53,
    2245.58,
    88.41,
    566.24,
    428.97,
    434.57,
    371.53,
    771.4,
    641.59,
    329.75,
    254.4,
    116.75,
    333.85,
    378.24,
    35.06,
    344.67,
    332.36,
    190.99,
    344.67,
    4.1,
    146.6,
    379.73,
    2304.89,
    24.25,
    63.04,
    198.45,
    331.24,
    348.77,
    481.2,
    276.03,
    303.26,
    294.69
  ],
  "spectrogram": "results/spectrograms/sentinel_834MHz_020232_spectrogram.png"
}