{
  "file": "captures/sentinel_832MHz_020838.iq",
  "freq_mhz": 832.0,
  "n_samples": 480000,
  "duration_ms": 200.0,
  "kurtosis": 327.143,
  "papr_db": 29.28,
  "pulse_count": 186,
  "prf_hz": 200000.0,
  "duty_cycle": 0.004196,
  "threshold": 0.030163,
  "pulse_widths_us": [
    3.33,
    5.83,
    12.08,
    1.25,
    1.25,
    7.08,
    2.92,
    8.75,
    1.67,
    12.08,
    2.08,
    1.25,
    2.08,
    4.58,
    2.08,
    7.5,
    4.58,
    6.25,
    2.08,
    2.92,
    5.0,
    3.33,
    2.08,
    5.0,
    1.25,
    2.92,
    9.17,
    2.08,
    5.0,
    1.67,
    1.25,
    8.75,
    2.5,
    3.33,
    1.25,
    1.25,
    4.58,
    2.08,
    2.5,
    2.5,
    3.33,
    2.08,
    3.75,
    6.67,
    2.08,
    2.5,
    5.42,
    2.08,
    20.83,
    3.33,
    1.25,
    5.83,
    8.75,
    10.0,
    9.58,
    6.67,
    2.08,
    2.5,
    2.08,
    1.25,
    10.83,
    1.25,
    4.17,
    9.17,
    1.67,
    1.25,
    2.5,
    2.08,
    11.25,
    2.08,
    3.75,
    4.58,
    10.42,
    2.08,
    5.0,
    1.25,
    3.33,
    1.67,
    9.17,
    2.92,
    7.08,
    3.33,
    2.92,
    3.33,
    5.42,
    2.08,
    8.33,
    2.5,
    2.08,
    6.67,
    2.5,
    2.5,
    9.17,
    12.5,
    2.5,
    10.83,
    14.17,
    2.92,
    9.58,
    1.25,
    1.25,
    1.67,
    4.58,
    4.58,
    3.33,
    3.75,
    3.75,
    2.5,
    2.08,
    1.67,
    7.08,
    2.5,
    3.33,
    4.58,
    9.58,
    1.67,
    2.5,
    5.0,
    5.0,
    4.17,
    6.67,
    1.67,
    8.33,
    2.92,
    2.08,
    5.0,
    7.92,
    1.25,
    4.58,
    4.17,
    5.0,
    2.08,
    4.58,
    5.42,
    1.25,
    6.25,
    4.58,
    2.5,
    2.92,
    1.67,
    1.67,
    1.25,
    1.67,
    3.33,
    2.5,
    2.5,
    1.25,
    6.25,
    7.92,
    4.17,
    16.25,
    10.83,
    4.17,
    10.83,
    3.33,
    1.67,
    1.67,
    2.92,
    7.5,
    1.67,
    10.42,
    5.83,
    7.08,
    4.58,
    6.25,
    4.58,
    4.58,
    2.5,
    5.0,
    3.33,
    1.67,
    13.75,
    2.92,
    3.33,
    2.08,
    7.92,
    2.08,
    11.25,
    1.67,
    8.33,
    4.17,
    1.25,
    2.5,
    3.33,
    1.25,
    5.42
  ],
  "pulse_bandwidths_khz": [
    1411.51,
    1507.74,
    2250.05,
    667.7,
    286.48,
    2291.83,
    2125.46,
    1824.81,
    1073.55,
    1901.65,
    985.52,
    34.32,
    607.28,
    1691.27,
    1115.33,
    2056.83,
    1709.92,
    1860.62,
    816.17,
    1763.64,
    1946.42,
    1076.53,
    319.3,
    1922.54,
    799.75,
    1768.86,
    2217.97,
    1702.46,
    2126.21,
    1122.04,
    819.15,
    2195.59,
    1237.68,
    778.86,
    65.65,
    820.64,
    1744.98,
    1188.44,
    1840.48,
    1313.03,
    1697.24,
    1075.04,
    1079.52,
    2000.13,
    1219.03,
    922.85,
    1678.59,
    1066.84,
    2095.62,
    1612.19,
    553.56,
    2107.56,
    2214.99,
    1888.22,
    1901.65,
    1969.54,
    481.19,
    1264.54,
    1821.08,
    117.13,
    2303.77,
    105.19,
    1519.68,
    2342.56,
    1612.94,
    49.24,
    1165.31,
    1375.7,
    2177.69,
    990.74,
    1721.11,
    2132.18,
    2168.73,
    769.91,
    2136.66,
    240.22,
    568.48,
    484.18,
    1859.87,
    1183.96,
    2051.61,
    1909.11,
    1900.91,
    905.69,
    1937.46,
    1451.05,
    2032.21,
    642.34,
    1900.16,
    1836.75,
    740.07,
    963.14,
    1871.81,
    2279.15,
    1949.4,
    2134.42,
    2118.0,
    1598.76,
    2319.43,
    1413.74,
    1285.42,
    1370.47,
    1683.06,
    2116.51,
    1626.36,
    2165.0,
    1464.47,
    1565.19,
    1545.05,
    1539.08,
    1727.08,
    1542.06,
    1601.0,
    1157.85,
    1934.48,
    367.05,
    836.31,
    1524.16,
    2245.58,
    1949.4,
    1615.92,
    859.44,
    2018.78,
    778.86,
    388.69,
    1938.21,
    2040.42,
    572.21,
    2026.24,
    1732.3,
    1521.92,
    1073.55,
    1496.55,
    1457.01,
    70.13,
    2062.05,
    2207.53,
    1481.63,
    543.12,
    791.55,
    1326.46,
    69.38,
    553.56,
    1186.2,
    304.38,
    961.64,
    635.63,
    1691.27,
    2025.5,
    1844.21,
    2165.0,
    2033.7,
    1739.02,
    2272.43,
    1804.67,
    1991.18,
    449.12,
    904.95,
    2067.27,
    514.77,
    2309.74,
    1665.16,
    1661.43,
    2040.42,
    1936.72,
    2011.32,
    1677.1,
    1710.67,
    2287.36,
    1512.97,
    995.22,
    1853.16,
    1663.67,
    1158.6,
    515.51,
    1891.21,
    1019.09,
    2116.51,
    230.53,
    1732.3,
    1577.13,
    343.18,
    1361.52,
    2162.02,
    507.31,
    1724.84
  ],
  "spectrogram": "results/spectrograms/sentinel_832MHz_020838_spectrogram.png"
}