{
  "file": "captures/sentinel_878MHz_024716.iq",
  "freq_mhz": 878.0,
  "n_samples": 480000,
  "duration_ms": 200.0,
  "kurtosis": 81.941,
  "papr_db": 26.35,
  "pulse_count": 879,
  "prf_hz": 252631.6,
  "duty_cycle": 0.009198,
  "threshold": 0.061335,
  "pulse_widths_us": [
    1.25,
    4.58,
    5.42,
    1.25,
    1.67,
    1.67,
    1.25,
    2.08,
    1.67,
    6.67,
    5.42,
    3.33,
    1.25,
    1.25,
    3.75,
    2.08,
    2.08,
    2.5,
    5.0,
    2.08,
    1.67,
    2.08,
    1.67,
    2.08,
    2.08,
    1.67,
    2.08,
    2.08,
    1.25,
    1.25,
    2.08,
    1.25,
    2.08,
    1.25,
    1.67,
    2.08,
    1.25,
    2.08,
    1.25,
    1.25,
    1.67,
    1.25,
    1.25,
    1.67,
    1.25,
    1.25,
    1.67,
    1.25,
    1.25,
    1.67,
    2.5,
    1.67,
    2.08,
    2.5,
    1.67,
    2.08,
    2.5,
    1.67,
    1.67,
    2.08,
    1.67,
    2.08,
    1.25,
    1.25,
    2.5,
    2.08,
    5.0,
    3.33,
    2.92,
    1.25,
    2.92,
    2.5,
    1.67,
    3.75,
    2.5,
    2.92,
    1.25,
    1.67,
    1.25,
    1.67,
    1.67,
    1.67,
    1.67,
    2.08,
    1.25,
    1.67,
    1.25,
    1.25,
    2.08,
    1.25,
    2.08,
    3.33,
    2.08,
    2.08,
    1.67,
    2.5,
    3.33,
    4.58,
    2.08,
    2.5,
    1.25,
    1.25,
    4.17,
    3.33,
    1.25,
    2.5,
    2.08,
    1.25,
    1.25,
    4.17,
    3.33,
    1.25,
    2.5,
    2.08,
    1.25,
    2.92,
    1.67,
    2.92,
    1.25,
    2.08,
    5.0,
    1.67,
    1.67,
    1.67,
    2.08,
    2.5,
    1.25,
    2.08,
    5.0,
    2.5,
    1.25,
    1.67,
    2.08,
    1.67,
    2.5,
    1.67,
    1.67,
    1.25,
    1.25,
    2.5,
    2.5,
    1.25,
    2.5,
    1.25,
    2.92,
    1.67,
    1.25,
    3.75,
    1.67,
    6.25,
    1.25,
    2.08,
    1.25,
    2.92,
    1.67,
    5.0,
    1.25,
    3.75,
    1.25,
    1.25,
    2.92,
    1.25,
    3.33,
    5.0,
    1.25,
    3.75,
    1.67,
    5.0,
    1.25,
    1.25,
    1.67,
    1.25,
    2.08,
    1.25,
    1.25,
    1.25,
    2.92,
    1.67,
    1.67,
    1.67,
    2.08,
    1.25,
    3.33,
    2.08,
    1.67,
    2.08,
    2.92,
    2.92,
    1.67,
    1.67,
    2.5,
    1.25,
    2.08,
    1.25,
    2.08,
    4.58,
    1.25,
    2.5,
    2.08,
    1.25,
    1.25,
    1.25,
    2.5,
    1.67,
    2.08,
    2.08,
    4.58,
    1.25,
    2.5,
    1.67,
    1.25,
    1.25,
    1.25,
    1.25,
    2.5,
    2.5,
    2.92,
    2.5,
    1.25,
    1.25,
    2.5,
    1.67,
    1.67,
    1.25,
    2.08,
    1.67,
    2.5,
    1.25,
    1.25,
    2.08,
    1.67,
    1.67,
    2.5,
    1.25,
    2.92,
    1.25,
    1.67,
    1.67,
    1.25,
    1.25,
    1.67,
    5.83,
    1.25,
    1.25,
    1.67,
    2.5,
    2.08,
    2.92,
    1.67,
    2.5,
    1.25,
    5.0,
    1.25,
    4.58,
    1.25,
    2.92,
    1.25,
    3.75,
    2.5,
    2.5,
    1.25,
    2.08,
    1.67,
    4.17,
    5.42,
    1.25,
    2.08,
    1.67,
    2.08,
    1.67,
    1.25,
    5.0,
    1.67,
    5.42,
    1.25,
    2.08,
    1.67,
    2.08,
    1.25,
    1.25,
    5.0,
    1.67,
    5.42,
    1.67,
    2.92,
    1.67,
    3.75,
    2.08,
    1.25,
    2.92,
    3.75,
    5.0,
    1.25,
    1.25,
    2.5,
    1.25,
    1.67,
    2.92,
    1.25,
    1.25,
    1.25,
    3.33,
    2.5,
    2.08,
    2.5,
    2.92,
    1.67,
    8.33,
    1.25,
    1.25,
    5.42,
    1.25,
    2.5,
    2.5,
    1.25,
    1.25,
    2.08,
    1.25,
    1.25,
    2.08,
    1.25,
    1.25,
    1.67,
    1.67,
    1.25,
    1.67,
    1.67,
    1.25,
    1.67,
    1.67,
    1.67,
    2.5,
    1.67,
    1.25,
    1.67,
    1.67,
    1.25,
    1.67,
    1.67,
    1.25,
    2.08,
    2.08,
    1.25,
    1.67,
    1.67,
    1.25,
    2.08,
    1.25,
    1.67,
    1.25,
    4.17,
    1.67,
    1.67,
    3.33,
    1.25,
    1.25,
    2.08,
    1.25,
    3.75,
    2.08,
    2.92,
    2.5,
    3.75,
    1.25,
    1.67,
    2.08,
    2.08,
    2.92,
    2.5,
    3.33,
    1.67,
    3.75,
    2.08,
    1.25,
    2.08,
    1.67,
    1.25,
    3.33,
    2.5,
    1.25,
    5.0,
    1.67,
    1.67,
    1.67,
    1.67,
    2.5,
    1.67,
    4.17,
    2.08,
    3.33,
    3.33,
    1.25,
    1.25,
    1.67,
    2.08,
    1.67,
    1.25,
    3.75,
    2.5,
    1.25,
    1.67,
    1.25,
    1.67,
    1.25,
    1.25,
    3.75,
    2.5,
    3.33,
    2.08,
    1.25,
    1.67,
    1.25,
    1.25,
    1.67,
    1.25,
    1.25,
    1.25,
    1.25,
    1.25,
    1.67,
    1.25,
    2.08,
    1.25,
    1.25,
    1.25,
    1.25,
    1.25,
    2.08,
    1.67,
    1.25,
    1.25,
    1.25,
    1.25,
    1.25,
    1.25,
    2.5,
    1.67,
    2.08,
    2.92,
    3.33,
    1.67,
    2.92,
    1.67,
    1.25,
    1.25,
    1.25,
    2.08,
    1.25,
    2.08,
    1.25,
    2.5,
    1.25,
    2.08,
    1.25,
    1.25,
    1.25,
    1.25,
    2.08,
    1.25,
    1.25,
    1.25,
    1.25,
    1.67,
    1.67,
    1.25,
    1.25,
    1.25,
    5.83,
    1.25,
    1.25,
    1.25,
    1.25,
    2.08,
    4.17,
    2.08,
    2.92,
    1.25,
    1.67,
    3.75,
    2.08,
    2.5,
    2.92,
    1.67,
    1.25,
    1.25,
    2.5,
    5.42,
    1.67,
    1.25,
    1.67,
    1.25,
    1.25,
    2.08,
    2.08,
    1.67,
    1.25,
    1.67,
    1.25,
    1.25,
    1.67,
    1.67,
    1.25,
    1.67,
    1.25,
    1.25,
    1.67,
    1.25,
    1.67,
    1.25,
    1.25,
    1.67,
    1.25,
    1.25,
    1.67,
    1.25,
    1.25,
    1.25,
    1.67,
    1.25,
    1.25,
    1.25,
    1.67,
    1.67,
    2.08,
    2.08,
    4.17,
    1.25,
    1.25,
    2.08,
    5.42,
    4.58,
    1.25,
    2.08,
    1.25,
    7.5,
    2.08,
    1.25,
    1.25,
    1.67,
    7.5,
    3.33,
    3.75,
    3.75,
    1.25,
    2.08,
    2.08,
    2.92,
    1.25,
    2.08,
    2.08,
    2.5,
    4.58,
    1.67,
    1.67,
    1.67,
    1.67,
    2.08,
    1.67,
    1.67,
    1.67,
    1.67,
    1.67,
    2.08,
    1.67,
    1.25,
    1.25,
    2.08,
    1.25,
    2.08,
    1.25,
    1.25,
    1.25,
    2.08,
    1.25,
    1.25,
    1.67,
    1.25,
    1.25,
    1.67,
    1.25,
    1.25,
    1.67,
    1.25,
    1.25,
    1.67,
    1.67,
    1.25,
    1.25,
    1.25,
    1.67,
    1.25,
    1.25,
    1.67,
    1.25,
    1.67,
    2.08,
    2.5,
    1.25,
    1.25,
    2.92,
    1.67,
    1.67,
    1.67,
    1.67,
    1.25,
    3.33,
    1.25,
    2.5,
    2.92,
    1.67,
    3.75,
    2.5,
    4.58,
    2.08,
    1.67,
    1.25,
    2.08,
    1.67,
    1.67,
    1.25,
    2.08,
    1.25,
    1.67,
    1.25,
    2.5,
    2.08,
    2.5,
    2.5,
    3.33,
    2.08,
    1.25,
    2.5,
    8.33,
    1.67,
    2.5,
    1.67,
    4.17,
    3.33,
    1.67,
    2.5,
    2.08,
    1.67,
    1.25,
    4.58,
    1.25,
    3.33,
    1.25,
    2.5,
    2.08,
    1.25,
    1.25,
    2.92,
    1.67,
    2.92,
    1.25,
    1.67,
    3.33,
    5.42,
    1.67,
    1.67,
    1.67,
    2.08,
    5.0,
    2.08,
    5.0,
    1.25,
    2.5,
    2.08,
    1.25,
    2.5,
    1.67,
    1.67,
    1.25,
    1.25,
    2.08,
    2.5,
    4.17,
    1.25,
    2.92,
    1.67,
    6.25,
    1.67,
    5.83,
    1.25,
    2.08,
    1.25,
    2.5,
    1.67,
    5.83,
    1.25,
    1.25,
    2.08,
    1.25,
    1.67,
    1.25,
    2.92,
    1.25,
    6.67,
    1.67,
    1.25,
    5.0,
    5.0,
    1.25,
    1.25,
    2.5,
    1.67,
    1.25,
    2.92,
    1.67,
    1.67,
    1.67,
    2.08,
    1.25,
    1.25,
    1.67,
    2.08,
    2.92,
    2.5,
    2.92,
    1.25,
    2.08,
    1.67,
    2.08,
    1.25,
    2.08,
    2.5,
    2.08,
    1.25,
    2.5,
    2.08,
    1.25,
    1.25,
    2.08,
    2.08,
    2.5,
    2.08,
    2.08,
    1.25,
    2.5,
    2.08,
    1.25,
    1.25,
    1.25,
    1.25,
    2.92,
    2.92,
    2.92,
    2.5,
    1.25,
    1.25,
    2.5,
    2.92,
    1.67,
    1.25,
    4.17,
    1.67,
    1.25,
    2.08,
    1.25,
    1.25,
    2.08,
    4.58,
    1.25,
    1.25,
    1.25,
    1.25,
    1.67,
    1.25,
    2.08,
    1.25,
    5.42,
    2.92,
    1.25,
    2.08,
    2.08,
    2.92,
    1.25,
    2.08,
    3.33,
    2.92,
    2.92,
