{
  "file": "captures/sentinel_878MHz_015952.iq",
  "freq_mhz": 878.0,
  "n_samples": 480000,
  "duration_ms": 200.0,
  "kurtosis": 72.885,
  "papr_db": 25.67,
  "pulse_count": 884,
  "prf_hz": 228571.4,
  "duty_cycle": 0.009979,
  "threshold": 0.078828,
  "pulse_widths_us": [
    1.25,
    2.92,
    4.58,
    1.25,
    2.08,
    3.33,
    1.67,
    1.67,
    2.5,
    2.08,
    5.42,
    3.75,
    1.25,
    1.25,
    2.5,
    4.17,
    4.17,
    2.92,
    2.92,
    3.75,
    5.83,
    1.25,
    4.17,
    1.67,
    2.08,
    5.83,
    1.25,
    1.25,
    2.5,
    2.08,
    2.5,
    3.33,
    3.75,
    3.75,
    3.33,
    1.67,
    1.25,
    3.75,
    3.33,
    2.08,
    2.5,
    1.67,
    6.25,
    2.08,
    2.92,
    1.25,
    2.08,
    2.92,
    3.33,
    1.67,
    2.5,
    2.5,
    1.25,
    4.58,
    1.25,
    2.5,
    2.5,
    1.25,
    1.67,
    4.17,
    1.67,
    2.92,
    3.33,
    2.5,
    3.75,
    1.25,
    5.83,
    2.08,
    2.08,
    2.5,
    3.33,
    2.92,
    2.92,
    2.92,
    1.25,
    2.5,
    2.5,
    1.67,
    1.67,
    2.08,
    2.08,
    2.08,
    8.33,
    1.25,
    2.08,
    9.17,
    1.67,
    5.0,
    1.67,
    1.25,
    2.08,
    1.25,
    1.25,
    2.92,
    3.75,
    1.25,
    2.5,
    3.75,
    3.75,
    1.67,
    3.33,
    6.67,
    1.25,
    3.75,
    2.08,
    1.25,
    2.08,
    2.5,
    2.5,
    1.67,
    2.5,
    4.17,
    2.5,
    2.08,
    2.5,
    1.67,
    2.92,
    2.08,
    2.5,
    1.25,
    1.25,
    1.25,
    1.25,
    1.25,
    1.25,
    1.25,
    2.08,
    1.67,
    1.67,
    1.67,
    2.08,
    1.67,
    1.67,
    1.67,
    1.67,
    1.25,
    1.25,
    1.25,
    1.25,
    1.25,
    1.25,
    1.25,
    1.67,
    1.25,
    1.25,
    1.25,
    1.25,
    5.83,
    1.25,
    1.25,
    1.25,
    1.67,
    2.92,
    1.25,
    3.75,
    1.67,
    2.5,
    3.75,
    2.5,
    1.25,
    1.67,
    2.92,
    2.5,
    5.42,
    1.25,
    1.25,
    1.25,
    1.25,
    1.67,
    1.67,
    1.67,
    1.25,
    1.67,
    1.25,
    1.25,
    1.25,
    1.67,
    1.25,
    1.25,
    1.25,
    1.25,
    1.67,
    1.67,
    1.67,
    1.67,
    1.25,
    1.25,
    2.08,
    1.25,
    1.25,
    1.25,
    1.25,
    1.25,
    2.5,
    3.33,
    1.25,
    2.5,
    2.5,
    2.92,
    1.25,
    2.08,
    1.67,
    2.08,
    1.67,
    1.25,
    2.5,
    1.67,
    4.17,
    1.25,
    1.25,
    1.67,
    2.08,
    1.67,
    4.17,
    2.5,
    1.67,
    1.25,
    2.08,
    3.33,
    1.25,
    3.75,
    1.25,
    1.25,
    3.75,
    2.08,
    1.25,
    3.33,
    1.25,
    2.5,
    4.58,
    1.25,
    1.67,
    2.08,
    1.25,
    3.33,
    3.75,
    2.5,
    2.5,
    1.25,
    3.33,
    1.25,
    2.5,
    1.67,
    1.25,
    1.25,
    3.33,
    1.67,
    1.25,
    1.67,
    1.67,
    2.08,
    1.25,
    4.17,
    1.25,
    1.25,
    1.67,
    2.08,
    2.08,
    2.08,
    1.25,
    2.92,
    1.25,
    1.25,
    2.92,
    1.25,
    3.33,
    1.67,
    4.17,
    5.0,
    4.17,
    2.5,
    2.92,
    1.25,
    1.25,
    1.25,
    2.08,
    1.25,
    1.67,
    3.75,
    1.67,
    1.67,
    4.17,
    2.5,
    5.83,
    2.08,
    2.08,
    2.08,
    1.25,
    4.58,
    2.92,
    4.58,
    3.75,
    1.67,
    1.25,
    4.58,
    3.33,
    2.5,
    7.08,
    1.25,
    1.25,
    4.58,
    3.33,
    1.25,
    2.92,
    3.75,
    1.25,
    1.25,
    2.92,
    1.67,
    2.5,
    2.08,
    3.75,
    2.08,
    2.08,
    5.42,
    4.17,
    1.67,
    1.25,
    1.67,
    2.08,
    5.0,
    1.25,
    1.67,
    1.25,
    1.25,
    2.08,
    2.5,
    2.08,
    3.33,
    1.25,
    2.5,
    4.17,
    1.25,
    2.5,
    1.67,
    2.08,
    5.42,
    1.25,
    1.67,
    3.33,
    2.08,
    4.58,
    1.25,
    2.08,
    2.5,
    2.5,
    1.25,
    5.42,
    1.67,
    2.08,
    1.25,
    1.25,
    1.67,
    3.75,
    7.08,
    1.67,
    1.67,
    5.0,
    2.92,
    1.67,
    1.25,
    1.67,
    1.25,
    2.5,
    2.92,
    1.67,
    2.92,
    1.67,
    1.25,
    1.67,
    1.25,
    3.75,
    5.0,
    1.67,
    5.42,
    2.92,
    1.67,
    1.67,
    1.25,
    1.67,
    1.67,
    2.08,
    2.08,
    2.5,
    1.67,
    1.25,
    2.08,
    1.67,
    1.25,
    2.5,
    1.25,
    1.25,
    2.08,
    2.5,
    1.67,
    1.67,
    2.5,
    1.67,
    1.25,
    2.5,
    2.5,
    1.25,
    2.5,
    2.08,
    2.92,
    2.08,
    2.5,
    3.75,
    1.25,
    2.5,
    1.67,
    1.25,
    2.08,
    3.33,
    1.67,
    1.25,
    2.08,
    1.67,
    1.25,
    5.0,
    4.58,
    1.67,
    2.5,
    1.67,
    3.33,
    2.5,
    1.25,
    1.25,
    2.08,
    2.92,
    2.92,
    1.25,
    2.08,
    2.92,
    4.17,
    1.67,
    2.5,
    3.75,
    2.92,
    1.67,
    6.25,
    2.5,
    1.67,
    2.5,
    3.75,
    2.92,
    1.25,
    1.25,
    1.25,
    2.5,
    2.5,
    6.67,
    5.0,
    1.25,
    4.17,
    1.25,
    1.67,
    1.25,
    2.5,
    2.5,
    1.67,
    7.08,
    4.17,
    1.25,
    1.67,
    1.25,
    5.42,
    1.67,
    5.83,
    1.67,
    2.5,
    3.33,
    2.92,
    1.67,
    1.25,
    2.5,
    1.25,
    2.92,
    7.08,
    2.92,
    2.08,
    1.25,
    3.33,
    1.25,
    1.25,
    1.67,
    3.75,
    2.08,
    1.25,
    2.08,
    1.67,
    1.25,
    2.08,
    5.0,
    2.08,
    8.33,
    1.25,
    4.17,
    1.25,
    2.5,
    2.5,
    1.67,
    2.08,
    1.25,
    2.08,
    1.25,
    2.08,
    1.25,
    2.08,
    1.25,
    1.25,
    1.67,
    1.25,
    1.25,
    1.67,
    1.67,
    1.25,
    1.67,
    1.25,
    1.67,
    1.25,
    1.67,
    1.25,
    1.25,
    1.67,
    1.25,
    1.25,
    1.67,
    1.25,
    1.25,
    1.67,
    1.25,
    1.67,
    1.67,
    1.25,
    1.25,
    1.25,
    2.5,
    5.83,
    2.08,
    2.5,
    4.17,
    1.25,
    1.25,
    4.17,
    2.5,
    1.67,
    1.25,
    2.92,
    1.25,
    2.5,
    1.25,
    1.67,
    2.5,
    1.25,
    1.25,
    1.67,
    1.67,
    1.25,
    2.5,
    2.5,
    3.33,
    4.58,
    2.5,
    2.08,
    5.0,
    2.5,
    4.58,
    2.5,
    1.25,
    1.25,
    4.58,
    3.33,
    1.67,
    7.08,
    1.25,
    1.25,
    1.25,
    4.58,
    3.33,
    1.67,
    7.08,
    1.25,
    2.92,
    1.25,
    1.25,
    1.67,
    2.08,
    1.67,
    4.17,
    5.83,
    1.67,
    1.67,
    1.25,
    1.25,
    1.67,
    2.08,
    5.0,
    1.25,
    1.67,
    2.5,
    1.25,
    2.5,
    1.67,
    3.33,
    1.67,
    2.5,
    1.25,
    1.25,
    1.25,
    3.33,
    4.17,
    5.42,
    1.25,
    1.25,
    3.33,
    2.08,
    5.0,
    1.25,
    1.25,
    2.08,
    1.25,
    1.67,
    2.5,
    1.67,
    5.42,
    1.67,
    2.08,
    1.25,
    1.25,
    1.25,
    3.33,
    1.25,
    6.67,
    2.08,
    1.67,
    1.25,
    1.25,
    2.08,
    4.17,
    1.25,
    1.25,
    1.67,
    1.25,
    1.25,
    1.25,
    2.92,
    1.67,
    3.33,
    1.25,
    1.67,
    1.67,
    1.25,
    3.75,
    1.67,
    2.92,
    1.67,
    5.0,
    2.5,
    2.08,
    1.25,
    2.5,
    1.67,
    2.08,
    2.08,
    2.5,
    1.67,
    1.67,
    1.25,
    1.67,
    1.25,
    2.08,
    1.25,
    2.5,
    2.08,
    2.5,
    2.5,
    1.67,
    1.25,
    1.25,
    1.67,
    1.25,
    2.08,
    1.25,
    2.08,
    1.67,
    2.5,
    2.08,
    5.83,
    1.25,
    3.75,
    1.25,
    1.25,
    2.92,
    1.67,
    1.25,
    2.5,
    2.08,
    3.75,
    1.67,
    1.25,
    2.08,
    1.67,
    1.25,
    5.42,
    4.58,
    1.67,
    2.08,
    1.25,
    1.67,
    1.25,
    2.5,
    1.25,
    1.67,
    2.08,
    2.92,
    1.67,
    1.25,
    2.08,
    2.92,
    3.75,
    1.67,
    2.08,
    3.75,
    2.92,
    1.25,
    5.42,
    2.5,
    1.67,
    2.08,
    3.75,
    2.5,
    2.5,
    2.08,
    2.08,
    6.25,
    5.0,
    1.25,
    1.25,
    2.08,
    2.08,
    1.25,
    1.67,
    1.25,
    1.25,
    2.08,
    2.92,
    1.67,
    5.42,
    1.25,
    2.08,
    1.25,
    1.25,
    1.67,
    1.25,
    1.25,
    2.08,
    2.92,
    1.67,
    5.83,
    1.67,
    6.25,
    3.33,
    1.67,
    1.25,
    1.25,
    2.5,
    2.92,
    7.08,
    1.67,
    2.08,
    1.25,
    2.5,
    1.67,
    1.67,
    1.67,
    3.75,
    2.08,
    1.25,
    2.5,
    1.67,
    1.67,
