{
  "file": "captures/sentinel_834MHz_031656.iq",
  "freq_mhz": 834.0,
  "n_samples": 480000,
  "duration_ms": 200.0,
  "kurtosis": 285.916,
  "papr_db": 27.32,
  "pulse_count": 149,
  "prf_hz": 165517.2,
  "duty_cycle": 0.004125,
  "threshold": 0.024378,
  "pulse_widths_us": [
    5.0,
    9.58,
    3.33,
    3.33,
    1.67,
    3.75,
    3.33,
    9.58,
    3.33,
    4.58,
    1.67,
    2.5,
    1.25,
    2.08,
    1.25,
    6.25,
    8.75,
    1.67,
    15.83,
    2.92,
    2.5,
    1.67,
    4.58,
    9.17,
    1.67,
    2.08,
    5.83,
    3.75,
    2.08,
    5.83,
    1.25,
    4.17,
    2.5,
    5.0,
    2.92,
    3.33,
    2.5,
    10.42,
    2.5,
    3.33,
    6.67,
    2.08,
    2.08,
    2.08,
    2.5,
    5.0,
    5.42,
    4.58,
    13.75,
    2.92,
    1.67,
    9.17,
    5.83,
    2.5,
    11.25,
    16.25,
    2.08,
    1.67,
    7.92,
    2.08,
    4.17,
    8.33,
    2.92,
    6.25,
    20.0,
    12.92,
    12.92,
    7.5,
    1.67,
    4.58,
    7.92,
    3.33,
    10.42,
    2.08,
    2.92,
    1.67,
    6.25,
    2.5,
    5.83,
    4.58,
    4.17,
    6.25,
    2.92,
    8.75,
    14.58,
    2.92,
    1.25,
    8.75,
    15.83,
    1.25,
    11.67,
    1.67,
    8.33,
    5.0,
    1.67,
    8.75,
    3.33,
    20.83,
    4.58,
    1.67,
    5.0,
    11.67,
    3.33,
    3.33,
    2.92,
    3.33,
    2.92,
    20.0,
    2.5,
    1.25,
    5.42,
    1.25,
    11.25,
    2.5,
    4.17,
    1.67,
    1.25,
    1.25,
    2.5,
    6.67,
    8.33,
    1.67,
    15.83,
    5.42,
    2.08,
    10.83,
    5.42,
    2.5,
    3.33,
    2.92,
    2.5,
    1.25,
    21.67,
    1.67,
    7.92,
    9.17,
    2.5,
    4.58,
    4.58,
    10.42,
    10.0,
    2.08,
    2.08,
    2.08,
    5.42,
    7.08,
    8.75,
    13.33,
    16.25
  ],
  "pulse_bandwidths_khz": [
    281.26,
    291.33,
    92.51,
    70.69,
    58.56,
    132.42,
    134.85,
    491.83,
    174.2,
    231.65,
    133.91,
    119.74,
    90.08,
    142.12,
    38.23,
    211.88,
    473.18,
    55.21,
    489.21,
    152.75,
    81.88,
    88.22,
    262.23,
    447.62,
    278.27,
    81.5,
    380.85,
    177.93,
    92.51,
    336.84,
    118.25,
    243.58,
    136.15,
    321.54,
    245.63,
    195.28,
    111.72,
    2335.66,
    146.6,
    193.22,
    284.61,
    194.53,
    167.49,
    163.01,
    83.74,
    246.38,
    471.87,
    452.85,
    595.9,
    281.26,
    59.12,
    460.12,
    239.85,
    297.3,
    2191.3,
    511.6,
    221.2,
    166.74,
    303.45,
    116.01,
    472.43,
    309.05,
    162.08,
    412.0,
    458.25,
    553.19,
    2081.45,
    911.66,
    77.59,
    439.04,
    538.83,
    173.27,
    2253.04,
    164.87,
    238.55,
    58.94,
    216.72,
    265.78,
    362.02,
    253.47,
    173.08,
    338.7,
    138.76,
    310.73,
    560.83,
    126.45,
    278.27,
    260.37,
    2284.74,
    49.98,
    426.36,
    255.52,
    572.58,
    333.11,
    250.67,
    224.18,
    145.85,
    2294.44,
    447.62,
    171.22,
    2220.58,
    530.06,
    123.1,
    94.37,
    200.68,
    177.56,
    190.24,
    2201.93,
    169.35,
    64.16,
    249.55,
    124.59,
    498.73,
    199.57,
    132.79,
    92.51,
    160.77,
    205.91,
    153.31,
    323.41,
    533.42,
    142.12,
    461.05,
    242.84,
    23.87,
    417.04,
    2276.16,
    250.3,
    113.02,
    312.96,
    2204.92,
    2.24,
    2125.46,
    26.86,
    313.71,
    354.0,
    212.99,
    217.1,
    2179.18,
    416.29,
    2297.05,
    142.12,
    112.65,
    169.35,
    279.39,
    341.69,
    358.47,
    274.54,
    2233.64
  ],
  "spectrogram": "results/spectrograms/sentinel_834MHz_031656_spectrogram.png"
}