{
  "file": "captures/sentinel_826MHz_031916.iq",
  "freq_mhz": 826.0,
  "n_samples": 480000,
  "duration_ms": 200.0,
  "kurtosis": 280.658,
  "papr_db": 27.76,
  "pulse_count": 166,
  "prf_hz": 184615.4,
  "duty_cycle": 0.004231,
  "threshold": 0.023851,
  "pulse_widths_us": [
    1.67,
    2.5,
    9.58,
    1.25,
    1.67,
    2.92,
    2.08,
    5.0,
    3.75,
    3.75,
    18.33,
    1.67,
    2.08,
    1.25,
    7.08,
    2.5,
    2.92,
    15.42,
    1.25,
    2.08,
    11.25,
    3.75,
    2.5,
    9.17,
    1.25,
    1.67,
    4.17,
    2.08,
    5.0,
    2.5,
    7.08,
    4.17,
    2.92,
    6.25,
    12.08,
    2.5,
    7.5,
    5.0,
    7.08,
    6.67,
    5.42,
    7.5,
    2.92,
    3.33,
    1.67,
    3.33,
    7.5,
    2.08,
    2.92,
    3.75,
    1.67,
    3.75,
    1.25,
    2.92,
    8.75,
    7.5,
    15.0,
    5.42,
    4.17,
    1.25,
    5.0,
    7.08,
    3.33,
    1.67,
    5.83,
    15.42,
    4.58,
    5.0,
    5.42,
    5.0,
    9.58,
    2.08,
    1.67,
    8.75,
    4.58,
    4.17,
    7.5,
    2.08,
    5.42,
    5.0,
    2.08,
    9.17,
    2.5,
    1.25,
    2.5,
    2.08,
    5.42,
    5.42,
    2.5,
    6.25,
    3.75,
    2.08,
    13.75,
    3.75,
    2.08,
    4.17,
    2.5,
    12.08,
    4.58,
    4.17,
    5.42,
    1.67,
    1.25,
    5.0,
    1.25,
    8.33,
    7.5,
    3.33,
    14.58,
    3.75,
    5.42,
    4.58,
    5.0,
    6.67,
    2.92,
    4.58,
    3.33,
    3.75,
    4.17,
    1.25,
    2.5,
    2.08,
    6.25,
    8.75,
    4.17,
    7.92,
    2.92,
    3.75,
    3.33,
    8.33,
    1.25,
    5.83,
    1.67,
    11.25,
    11.25,
    5.83,
    5.42,
    5.0,
    5.83,
    13.75,
    9.17,
    5.0,
    10.83,
    29.17,
    1.25,
    6.25,
    2.5,
    2.92,
    8.33,
    3.75,
    2.5,
    8.75,
    1.25,
    3.33,
    2.08,
    1.25,
    2.08,
    2.08,
    5.0,
    4.58,
    2.08,
    3.75,
    4.17,
    2.08,
    8.75,
    15.83
  ],
  "pulse_bandwidths_khz": [
    59.68,
    218.22,
    1054.9,
    145.1,
    76.1,
    192.48,
    70.13,
    378.99,
    306.25,
    215.98,
    690.46,
    140.26,
    277.9,
    153.31,
    367.42,
    134.29,
    191.73,
    1559.22,
    138.39,
    50.73,
    515.14,
    479.7,
    238.36,
    577.06,
    41.78,
    118.62,
    380.85,
    61.92,
    259.25,
    210.38,
    601.68,
    191.73,
    290.21,
    362.57,
    500.59,
    137.27,
    577.06,
    744.92,
    175.32,
    526.7,
    230.9,
    258.5,
    101.09,
    386.08,
    79.08,
    362.95,
    833.7,
    71.25,
    83.93,
    261.11,
    110.41,
    163.01,
    20.89,
    103.33,
    496.12,
    206.65,
    1094.07,
    192.1,
    317.07,
    146.6,
    296.18,
    529.69,
    264.1,
    79.83,
    379.73,
    918.75,
    308.86,
    304.01,
    198.45,
    926.21,
    483.81,
    173.08,
    55.58,
    731.12,
    224.56,
    220.83,
    298.04,
    220.83,
    146.6,
    297.3,
    168.23,
    675.17,
    174.57,
    191.73,
    179.8,
    110.04,
    229.78,
    337.21,
    187.63,
    412.93,
    248.06,
    80.2,
    715.08,
    201.43,
    170.1,
    134.66,
    155.92,
    840.41,
    274.92,
    190.61,
    788.94,
    82.06,
    150.33,
    314.83,
    213.37,
    738.95,
    638.98,
    145.48,
    551.7,
    437.55,
    688.22,
    125.71,
    131.68,
    266.34,
    311.47,
    622.94,
    219.71,
    513.27,
    281.63,
    153.68,
    125.33,
    139.88,
    444.64,
    543.49,
    388.31,
    413.68,
    142.87,
    289.09,
    306.62,
    824.37,
    486.79,
    348.77,
    94.75,
    917.25,
    1118.69,
    373.77,
    233.14,
    357.73,
    366.31,
    842.28,
    607.65,
    329.0,
    547.59,
    1263.79,
    117.13,
    709.86,
    107.43,
    88.03,
    382.72,
    186.88,
    115.26,
    500.59,
    101.83,
    259.99,
    154.8,
    14.55,
    108.92,
    93.63,
    346.91,
    439.79,
    68.26,
    113.4,
    324.15,
    227.91,
    461.8,
    661.74
  ],
  "spectrogram": "results/spectrograms/sentinel_826MHz_031916_spectrogram.png"
}