{
  "file": "captures/sentinel_826MHz_020906.iq",
  "freq_mhz": 826.0,
  "n_samples": 480000,
  "duration_ms": 200.0,
  "kurtosis": 293.615,
  "papr_db": 27.69,
  "pulse_count": 138,
  "prf_hz": 160000.0,
  "duty_cycle": 0.004192,
  "threshold": 0.024457,
  "pulse_widths_us": [
    6.67,
    5.83,
    6.67,
    3.75,
    3.75,
    1.67,
    2.5,
    20.0,
    2.08,
    1.67,
    5.83,
    1.25,
    6.25,
    8.75,
    1.25,
    15.42,
    2.92,
    2.5,
    2.08,
    4.58,
    3.75,
    5.42,
    1.67,
    11.25,
    4.17,
    6.25,
    4.17,
    3.75,
    5.0,
    7.92,
    8.33,
    2.92,
    7.5,
    3.33,
    6.67,
    2.08,
    2.5,
    1.67,
    1.67,
    5.0,
    5.42,
    4.58,
    14.17,
    3.33,
    6.25,
    4.58,
    5.83,
    2.92,
    2.5,
    8.75,
    3.33,
    12.08,
    3.75,
    8.33,
    7.5,
    8.75,
    2.92,
    2.92,
    3.33,
    33.33,
    7.92,
    5.0,
    4.17,
    2.92,
    1.67,
    4.17,
    7.92,
    14.17,
    2.08,
    2.5,
    17.5,
    4.58,
    4.58,
    5.42,
    1.25,
    2.92,
    24.58,
    2.92,
    10.0,
    17.92,
    11.67,
    1.67,
    7.92,
    5.0,
    1.67,
    8.33,
    4.17,
    2.92,
    17.08,
    4.17,
    1.67,
    2.92,
    17.92,
    3.33,
    2.5,
    7.08,
    20.42,
    2.08,
    1.25,
    5.0,
    4.17,
    6.67,
    2.92,
    4.17,
    1.67,
    1.67,
    2.5,
    6.25,
    10.83,
    2.92,
    2.08,
    12.08,
    4.58,
    1.25,
    1.67,
    4.17,
    12.5,
    3.75,
    6.25,
    3.33,
    8.33,
    7.5,
    1.67,
    7.5,
    9.17,
    2.92,
    4.58,
    2.08,
    2.08,
    10.42,
    10.0,
    1.25,
    5.0,
    2.08,
    22.08,
    12.5,
    10.42,
    5.42
  ],
  "pulse_bandwidths_khz": [
    443.15,
    373.77,
    306.62,
    147.72,
    211.13,
    162.64,
    109.67,
    507.31,
    138.02,
    182.03,
    353.62,
    33.57,
    2375.39,
    304.38,
    170.84,
    2322.42,
    130.56,
    214.86,
    288.72,
    182.03,
    206.65,
    328.26,
    79.08,
    346.91,
    239.48,
    312.59,
    138.02,
    111.16,
    131.3,
    263.35,
    2268.7,
    188.0,
    2261.99,
    313.34,
    2297.8,
    181.29,
    84.3,
    311.84,
    117.87,
    159.65,
    409.58,
    302.89,
    440.16,
    411.81,
    340.19,
    353.62,
    220.83,
    232.76,
    76.84,
    539.39,
    116.38,
    405.1,
    251.41,
    267.08,
    1069.82,
    223.81,
    211.88,
    135.78,
    394.65,
    2327.64,
    381.97,
    333.48,
    152.19,
    124.59,
    100.72,
    2326.15,
    317.07,
    2338.83,
    221.57,
    317.07,
    455.08,
    2292.58,
    114.89,
    111.16,
    90.27,
    115.64,
    2297.05,
    105.19,
    458.07,
    2382.85,
    352.88,
    267.83,
    343.92,
    279.76,
    2205.29,
    400.62,
    2290.34,
    131.3,
    532.67,
    2292.58,
    211.13,
    53.71,
    656.51,
    319.3,
    205.16,
    448.37,
    2177.69,
    137.27,
    226.8,
    225.3,
    192.48,
    439.42,
    244.7,
    73.86,
    102.21,
    279.76,
    78.33,
    229.03,
    2150.83,
    159.65,
    185.02,
    2172.47,
    251.41,
    47.75,
    65.65,
    111.91,
    349.89,
    113.4,
    325.27,
    261.86,
    254.4,
    2265.72,
    285.73,
    2307.5,
    279.02,
    309.61,
    231.27,
    53.71,
    74.6,
    315.57,
    2317.2,
    56.7,
    399.13,
    94.0,
    2198.58,
    279.76,
    225.3,
    2332.86
  ],
  "spectrogram": "results/spectrograms/sentinel_826MHz_020906_spectrogram.png"
}