{
  "file": "captures/sentinel_830MHz_035104.iq",
  "freq_mhz": 830.0,
  "n_samples": 480000,
  "duration_ms": 200.0,
  "kurtosis": 297.974,
  "papr_db": 28.41,
  "pulse_count": 196,
  "prf_hz": 200000.0,
  "duty_cycle": 0.004281,
  "threshold": 0.025818,
  "pulse_widths_us": [
    1.25,
    3.75,
    1.25,
    1.67,
    1.25,
    1.25,
    2.08,
    1.25,
    1.25,
    1.25,
    10.83,
    5.42,
    2.5,
    1.67,
    2.92,
    2.08,
    1.67,
    5.83,
    5.0,
    6.67,
    5.0,
    7.92,
    1.67,
    4.17,
    2.5,
    3.33,
    1.67,
    4.17,
    2.5,
    2.08,
    2.92,
    2.08,
    1.67,
    6.67,
    1.25,
    7.92,
    10.0,
    2.92,
    2.08,
    3.75,
    2.5,
    2.08,
    11.25,
    5.0,
    4.17,
    2.08,
    5.0,
    11.67,
    1.25,
    4.58,
    5.0,
    2.92,
    1.25,
    7.92,
    4.58,
    2.92,
    3.33,
    13.75,
    2.08,
    2.5,
    1.67,
    7.5,
    3.33,
    3.33,
    2.5,
    9.17,
    4.17,
    1.67,
    5.83,
    1.25,
    1.67,
    3.33,
    2.5,
    1.25,
    10.0,
    2.5,
    1.25,
    6.67,
    20.83,
    6.67,
    2.5,
    1.25,
    8.33,
    2.08,
    4.17,
    1.25,
    3.33,
    2.08,
    2.5,
    10.0,
    13.33,
    2.5,
    2.08,
    8.33,
    9.17,
    14.17,
    2.08,
    1.25,
    10.83,
    2.5,
    5.83,
    9.58,
    2.92,
    3.75,
    1.67,
    4.58,
    11.67,
    1.25,
    2.92,
    7.08,
    8.75,
    7.5,
    3.33,
    2.92,
    2.08,
    2.5,
    3.75,
    2.08,
    4.17,
    6.25,
    9.58,
    3.33,
    1.67,
    1.25,
    11.67,
    1.25,
    3.75,
    1.25,
    2.08,
    2.5,
    1.25,
    8.33,
    1.67,
    3.75,
    2.5,
    10.42,
    1.67,
    4.17,
    5.0,
    3.75,
    3.33,
    3.33,
    7.92,
    1.25,
    3.75,
    14.58,
    4.58,
    5.0,
    9.58,
    15.42,
    4.58,
    1.25,
    2.5,
    7.92,
    7.5,
    1.67,
    1.67,
    2.92,
    1.67,
    2.08,
    3.75,
    1.25,
    1.67,
    6.25,
    6.25,
    2.92,
    1.25,
    1.25,
    6.25,
    4.58,
    5.0,
    3.75,
    7.92,
    2.92,
    5.0,
    9.58,
    2.08,
    1.67,
    1.67,
    4.58,
    10.42,
    4.58,
    3.33,
    5.42,
    2.08,
    1.67,
    11.25,
    1.67,
    2.08,
    2.5,
    3.75,
    2.92,
    4.58,
    2.08,
    2.08,
    4.58
  ],
  "pulse_bandwidths_khz": [
    2258.73,
    235.75,
    169.91,
    149.49,
    62.2,
    2183.38,
    165.06,
    8.67,
    9.61,
    326.95,
    2076.6,
    1729.5,
    553.0,
    1258.01,
    1249.43,
    1070.01,
    1408.52,
    1645.76,
    753.31,
    1757.48,
    903.83,
    2126.02,
    489.59,
    1020.02,
    1275.35,
    345.23,
    468.33,
    2243.15,
    482.31,
    737.46,
    871.56,
    163.57,
    942.62,
    1279.83,
    28.82,
    2272.62,
    2069.7,
    1219.68,
    305.69,
    1196.74,
    1291.77,
    837.52,
    2068.58,
    1814.55,
    1669.63,
    928.82,
    1751.61,
    2072.4,
    369.66,
    1648.28,
    1493.2,
    765.81,
    364.81,
    1483.5,
    1472.87,
    995.12,
    513.46,
    2292.76,
    540.51,
    657.07,
    136.43,
    2061.49,
    1093.23,
    1111.22,
    1381.48,
    2208.74,
    1152.35,
    367.8,
    1493.94,
    248.62,
    487.35,
    1523.5,
    1128.2,
    1288.04,
    2301.25,
    579.58,
    147.81,
    2213.78,
    2279.15,
    1471.28,
    681.04,
    49.52,
    1299.04,
    83.09,
    2085.09,
    85.23,
    826.52,
    656.79,
    482.22,
    2266.09,
    2025.96,
    1710.2,
    1298.95,
    1735.01,
    1183.87,
    2325.59,
    410.51,
    11.75,
    2144.49,
    2038.18,
    2052.82,
    2167.15,
    1216.14,
    1695.09,
    941.97,
    1736.78,
    2255.28,
    1352.01,
    656.33,
    1578.43,
    2353.66,
    1518.28,
    1401.9,
    1554.0,
    669.85,
    620.33,
    1176.88,
    1099.85,
    869.23,
    1742.65,
    1916.67,
    1053.97,
    696.61,
    52.41,
    1892.79,
    657.82,
    1411.79,
    72.55,
    515.42,
    1939.51,
    147.34,
    1847.75,
    490.99,
    857.01,
    733.54,
    1929.16,
    562.61,
    1858.66,
    1844.86,
    1060.68,
    1239.26,
    632.92,
    2217.51,
    150.51,
    1518.56,
    2146.73,
    1357.23,
    1511.29,
    1769.51,
    1863.51,
    2013.19,
    291.51,
    404.35,
    1842.16,
    1184.34,
    125.15,
    109.76,
    528.38,
    1458.23,
    462.36,
    1077.0,
    246.29,
    205.63,
    2369.05,
    2023.63,
    878.27,
    70.69,
    266.34,
    1211.57,
    1291.21,
    893.57,
    1167.64,
    2271.87,
    836.68,
    2352.91,
    1832.08,
    684.3,
    567.08,
    394.75,
    1352.57,
    2161.37,
    1895.87,
    1614.43,
    1783.03,
    503.76,
    263.72,
    2121.08,
    140.81,
    583.12,
    350.36,
    1404.23,
    1750.95,
    1886.73,
    777.37,
    960.8,
    2096.84
  ],
  "spectrogram": "results/spectrograms/sentinel_830MHz_035104_spectrogram.png"
}