{
  "file": "captures/sentinel_830MHz_030608.iq",
  "freq_mhz": 830.0,
  "n_samples": 480000,
  "duration_ms": 200.0,
  "kurtosis": 279.827,
  "papr_db": 27.12,
  "pulse_count": 226,
  "prf_hz": 252631.6,
  "duty_cycle": 0.003967,
  "threshold": 0.023338,
  "pulse_widths_us": [
    3.75,
    2.5,
    8.33,
    2.08,
    8.75,
    4.17,
    2.08,
    6.25,
    5.0,
    9.17,
    2.92,
    3.75,
    4.17,
    4.58,
    1.67,
    10.42,
    2.5,
    5.0,
    3.33,
    2.92,
    1.25,
    1.67,
    4.58,
    1.67,
    1.67,
    4.58,
    3.75,
    1.67,
    1.67,
    1.67,
    3.75,
    3.33,
    2.5,
    4.17,
    2.5,
    4.58,
    1.67,
    2.08,
    1.25,
    2.5,
    2.92,
    1.25,
    2.08,
    3.33,
    2.08,
    2.5,
    1.25,
    2.5,
    2.08,
    4.17,
    2.08,
    1.67,
    6.25,
    4.58,
    5.0,
    1.67,
    1.67,
    6.25,
    1.67,
    1.67,
    1.25,
    4.58,
    1.67,
    2.08,
    3.75,
    6.67,
    1.67,
    14.17,
    3.75,
    2.5,
    8.75,
    8.33,
    4.58,
    1.25,
    4.17,
    2.08,
    4.17,
    6.67,
    2.5,
    5.83,
    4.58,
    2.5,
    2.08,
    1.25,
    2.5,
    3.33,
    7.92,
    3.75,
    9.58,
    4.17,
    3.75,
    2.92,
    3.33,
    4.17,
    5.0,
    1.25,
    2.92,
    3.33,
    7.08,
    3.75,
    1.25,
    6.25,
    6.67,
    9.58,
    1.25,
    1.25,
    1.67,
    1.67,
    2.5,
    1.67,
    2.92,
    6.25,
    4.17,
    2.08,
    4.17,
    9.58,
    2.5,
    7.08,
    2.08,
    2.92,
    2.92,
    1.67,
    4.17,
    6.67,
    4.58,
    6.25,
    4.58,
    3.33,
    3.33,
    3.75,
    2.92,
    3.75,
    2.08,
    3.33,
    3.75,
    7.08,
    3.33,
    2.08,
    10.0,
    4.58,
    1.25,
    1.25,
    1.25,
    1.25,
    2.08,
    1.67,
    1.67,
    1.25,
    8.75,
    3.33,
    4.17,
    4.17,
    7.08,
    3.33,
    2.08,
    2.92,
    1.67,
    2.08,
    5.42,
    3.33,
    1.67,
    3.33,
    4.17,
    3.75,
    2.5,
    2.08,
    4.58,
    2.5,
    1.25,
    2.5,
    2.5,
    2.08,
    6.25,
    1.25,
    4.17,
    1.25,
    2.08,
    1.67,
    2.92,
    2.92,
    2.92,
    1.25,
    2.5,
    2.5,
    3.75,
    7.92,
    5.0,
    1.25,
    7.92,
    3.33,
    1.67,
    1.25,
    2.08,
    4.17,
    2.08,
    1.25,
    2.5,
    3.33,
    1.67,
    2.08,
    3.75,
    6.25,
    6.67,
    2.92,
    2.92,
    4.17,
    2.08,
    1.25,
    1.25,
    1.25,
    2.08,
    3.75,
    2.5,
    1.67,
    9.17,
    2.5,
    2.92,
    1.67,
    1.25,
    5.0,
    2.5,
    4.58,
    5.83,
    2.92,
    1.67,
    1.25
  ],
  "pulse_bandwidths_khz": [
    1405.54,
    1946.6,
    2279.52,
    1776.88,
    1794.04,
    883.31,
    581.16,
    1966.56,
    1806.72,
    2187.39,
    1813.25,
    1245.88,
    1332.24,
    982.16,
    1804.29,
    2217.97,
    1573.02,
    1651.54,
    1020.39,
    1606.22,
    187.07,
    82.25,
    1290.27,
    385.7,
    1517.82,
    1554.19,
    1532.36,
    147.9,
    299.16,
    282.56,
    1263.23,
    1970.47,
    349.71,
    1638.86,
    1574.89,
    1616.29,
    568.29,
    576.13,
    480.82,
    875.66,
    2274.11,
    80.2,
    1117.94,
    2208.46,
    672.55,
    698.85,
    174.01,
    1033.26,
    1481.63,
    1521.17,
    1237.31,
    674.05,
    2237.0,
    1764.75,
    1097.8,
    162.26,
    585.45,
    1873.12,
    387.38,
    788.94,
    261.3,
    919.68,
    589.74,
    934.23,
    1841.41,
    2360.47,
    1229.1,
    2109.24,
    2053.66,
    1309.67,
    1851.3,
    1525.84,
    1952.57,
    1579.18,
    943.74,
    1279.08,
    739.14,
    1688.29,
    815.05,
    1255.21,
    1510.54,
    1631.59,
    833.88,
    121.6,
    1841.6,
    2007.03,
    2085.74,
    1892.7,
    1641.47,
    1807.84,
    1506.25,
    900.28,
    1771.84,
    1437.24,
    2269.64,
    32.83,
    1579.36,
    555.43,
    2021.77,
    1420.27,
    100.9,
    1990.99,
    2269.64,
    2037.8,
    1443.96,
    720.67,
    936.47,
    1883.56,
    740.07,
    1255.4,
    1450.3,
    1901.84,
    1904.45,
    412.19,
    742.87,
    1983.9,
    449.3,
    2094.5,
    478.58,
    1328.32,
    1080.45,
    971.16,
    2266.09,
    2019.34,
    1558.29,
    1785.27,
    1832.83,
    807.03,
    1749.09,
    830.71,
    780.36,
    1215.3,
    1841.97,
    1863.6,
    1733.23,
    2143.74,
    1351.26,
    1150.95,
    2198.39,
    1599.51,
    757.79,
    441.47,
    1535.16,
    359.03,
    726.46,
    862.42,
    535.47,
    455.64,
    1591.67,
    1114.02,
    1140.13,
    1134.35,
    1123.72,
    2011.32,
    328.82,
    1986.33,
    483.43,
    450.05,
    1228.17,
    566.24,
    1177.81,
    502.27,
    1920.3,
    1058.82,
    2326.15,
    447.25,
    1771.1,
    1432.39,
    76.28,
    1299.23,
    1277.96,
    151.26,
    2167.43,
    132.79,
    1612.94,
    224.18,
    1465.97,
    32.83,
    1495.62,
    1102.46,
    1533.67,
    26.3,
    471.87,
    2307.68,
    2151.58,
    2254.16,
    1756.73,
    1608.27,
    1541.88,
    1389.68,
    662.86,
    279.39,
    177.0,
    2257.51,
    666.4,
    732.61,
    833.33,
    1541.88,
    163.76,
    875.29,
    1913.03,
    1423.44,
    2117.44,
    694.75,
    789.12,
    1152.07,
    707.06,
    423.38,
    697.92,
    984.77,
    869.69,
    1163.26,
    1582.91,
    430.84,
    1963.2,
    1527.7,
    1730.06,
    623.5,
    230.9,
    1335.78,
    1897.92,
    2049.37,
    939.26,
    1343.99,
    439.6,
    963.7
  ],
  "spectrogram": "results/spectrograms/sentinel_830MHz_030608_spectrogram.png"
}