{
  "file": "captures/sentinel_826MHz_040113.iq",
  "freq_mhz": 826.0,
  "n_samples": 480000,
  "duration_ms": 200.0,
  "kurtosis": 325.047,
  "papr_db": 28.16,
  "pulse_count": 135,
  "prf_hz": 154838.7,
  "duty_cycle": 0.004244,
  "threshold": 0.027382,
  "pulse_widths_us": [
    2.5,
    3.33,
    10.42,
    3.33,
    4.58,
    9.58,
    1.25,
    12.08,
    2.08,
    1.25,
    3.33,
    1.25,
    1.25,
    6.67,
    8.75,
    1.25,
    15.42,
    2.92,
    2.5,
    1.67,
    4.58,
    4.17,
    5.0,
    3.33,
    3.75,
    10.42,
    14.17,
    11.67,
    3.75,
    2.92,
    3.75,
    9.58,
    3.33,
    6.25,
    5.0,
    2.08,
    2.5,
    5.0,
    5.42,
    1.25,
    5.0,
    14.17,
    3.75,
    6.67,
    5.0,
    6.67,
    2.5,
    2.5,
    8.75,
    3.33,
    12.08,
    4.17,
    16.25,
    8.75,
    2.5,
    7.08,
    33.33,
    7.92,
    12.92,
    1.67,
    12.5,
    15.0,
    2.08,
    2.92,
    1.67,
    17.08,
    4.17,
    4.17,
    5.42,
    1.25,
    2.92,
    9.58,
    14.58,
    2.92,
    10.0,
    17.5,
    12.08,
    1.25,
    8.33,
    7.08,
    7.92,
    3.75,
    2.92,
    17.5,
    4.17,
    1.67,
    2.92,
    18.33,
    2.92,
    2.5,
    7.08,
    16.25,
    3.33,
    2.5,
    1.25,
    5.0,
    11.67,
    2.92,
    4.58,
    2.08,
    1.67,
    1.67,
    2.5,
    6.67,
    10.83,
    2.92,
    1.67,
    1.67,
    3.33,
    18.75,
    3.33,
    4.58,
    6.67,
    2.92,
    4.58,
    2.5,
    3.33,
    8.33,
    7.5,
    2.08,
    7.5,
    9.58,
    2.5,
    4.58,
    2.08,
    12.92,
    10.42,
    1.67,
    2.5,
    2.08,
    2.08,
    22.08,
    12.92,
    10.83,
    5.42
  ],
  "pulse_bandwidths_khz": [
    143.05,
    139.88,
    2242.59,
    82.06,
    146.04,
    2385.27,
    199.38,
    326.95,
    2322.98,
    80.76,
    352.69,
    2.8,
    64.16,
    2359.35,
    265.78,
    27.04,
    2352.07,
    277.34,
    135.78,
    132.24,
    159.28,
    317.44,
    86.17,
    240.97,
    210.57,
    426.73,
    318.56,
    2375.39,
    79.83,
    2223.01,
    64.16,
    238.36,
    158.72,
    2378.37,
    442.03,
    213.18,
    104.45,
    141.19,
    254.4,
    43.64,
    273.8,
    398.57,
    372.46,
    273.8,
    231.09,
    2198.76,
    98.85,
    90.08,
    455.64,
    89.52,
    307.93,
    324.9,
    886.29,
    260.74,
    116.38,
    344.48,
    2282.51,
    503.02,
    613.06,
    51.85,
    571.28,
    2323.35,
    96.24,
    255.52,
    172.71,
    444.64,
    2248.19,
    127.2,
    199.57,
    60.8,
    173.08,
    251.04,
    2360.84,
    156.67,
    412.19,
    2350.77,
    424.12,
    176.07,
    364.07,
    2213.87,
    263.35,
    202.92,
    159.28,
    2348.16,
    2290.71,
    88.41,
    96.24,
    636.74,
    166.74,
    189.87,
    2298.17,
    386.45,
    477.84,
    197.7,
    132.05,
    199.19,
    465.9,
    264.47,
    112.28,
    119.74,
    198.82,
    283.12,
    107.8,
    231.65,
    2222.82,
    164.87,
    285.36,
    74.23,
    141.37,
    2340.7,
    57.45,
    327.88,
    129.06,
    248.8,
    92.51,
    2116.89,
    110.04,
    326.39,
    2376.13,
    152.19,
    348.4,
    315.2,
    80.57,
    208.52,
    59.31,
    734.85,
    2284.74,
    241.34,
    200.68,
    53.34,
    86.17,
    2379.86,
    225.3,
    227.17,
    2289.22
  ],
  "spectrogram": "results/spectrograms/sentinel_826MHz_040113_spectrogram.png"
}