{
  "file": "captures/sentinel_830MHz_032533.iq",
  "freq_mhz": 830.0,
  "n_samples": 480000,
  "duration_ms": 200.0,
  "kurtosis": 294.609,
  "papr_db": 26.83,
  "pulse_count": 188,
  "prf_hz": 200000.0,
  "duty_cycle": 0.004138,
  "threshold": 0.025526,
  "pulse_widths_us": [
    4.58,
    5.42,
    2.08,
    1.67,
    3.75,
    7.92,
    1.25,
    2.5,
    1.67,
    2.5,
    7.5,
    1.25,
    4.17,
    4.58,
    9.58,
    1.67,
    3.75,
    2.08,
    2.08,
    1.25,
    3.33,
    3.75,
    11.25,
    2.08,
    10.0,
    4.17,
    1.25,
    8.75,
    5.0,
    2.5,
    3.75,
    1.67,
    1.67,
    1.67,
    6.67,
    7.08,
    5.0,
    4.17,
    1.67,
    1.67,
    10.83,
    1.67,
    1.25,
    2.92,
    8.75,
    6.67,
    5.83,
    5.0,
    9.58,
    1.25,
    1.25,
    5.83,
    10.83,
    5.83,
    2.5,
    2.5,
    3.33,
    1.67,
    2.08,
    1.25,
    1.67,
    2.08,
    5.42,
    5.0,
    1.25,
    1.25,
    2.08,
    5.42,
    5.0,
    1.67,
    2.5,
    2.5,
    3.33,
    1.25,
    2.5,
    4.58,
    1.25,
    9.17,
    7.92,
    16.25,
    1.67,
    10.0,
    7.08,
    1.67,
    4.17,
    1.25,
    2.5,
    2.92,
    1.25,
    1.67,
    10.0,
    2.08,
    1.67,
    1.67,
    5.83,
    11.67,
    4.17,
    2.5,
    3.33,
    4.17,
    5.0,
    5.42,
    2.92,
    1.25,
    7.5,
    5.83,
    4.17,
    2.5,
    6.25,
    3.33,
    9.17,
    5.83,
    5.42,
    10.0,
    15.83,
    1.67,
    1.67,
    4.17,
    6.67,
    1.25,
    4.58,
    1.67,
    4.17,
    2.08,
    7.5,
    10.0,
    1.25,
    3.75,
    2.08,
    7.5,
    2.92,
    1.25,
    2.5,
    2.92,
    7.08,
    1.25,
    9.58,
    1.25,
    1.67,
    5.83,
    5.42,
    3.75,
    3.33,
    6.25,
    7.92,
    2.5,
    2.5,
    1.25,
    2.92,
    10.42,
    1.25,
    3.75,
    1.67,
    2.08,
    1.67,
    2.5,
    5.0,
    8.33,
    7.08,
    8.75,
    2.92,
    1.25,
    3.75,
    10.0,
    1.67,
    2.92,
    5.42,
    4.58,
    5.0,
    5.0,
    6.25,
    2.5,
    13.75,
    4.17,
    1.25,
    5.0,
    3.33,
    7.5,
    1.25,
    5.42,
    2.92,
    5.0,
    6.25,
    8.75,
    7.08,
    2.5,
    2.08,
    12.5
  ],
  "pulse_bandwidths_khz": [
    1880.58,
    2102.71,
    955.02,
    429.11,
    1231.76,
    1859.59,
    29.7,
    881.44,
    655.16,
    129.58,
    1804.76,
    21.45,
    1065.86,
    1332.66,
    2065.64,
    739.14,
    367.0,
    524.42,
    776.35,
    284.52,
    940.38,
    1928.14,
    2044.57,
    349.19,
    2159.46,
    1965.91,
    1296.43,
    1897.08,
    2003.21,
    826.8,
    895.99,
    1221.59,
    488.8,
    122.49,
    1552.04,
    1769.09,
    1611.02,
    1755.76,
    544.98,
    774.76,
    1673.22,
    378.43,
    1870.46,
    1788.3,
    2154.14,
    2184.91,
    1344.13,
    2166.03,
    1951.36,
    381.65,
    261.95,
    825.21,
    2228.42,
    1510.91,
    819.01,
    1079.8,
    1327.67,
    598.46,
    1223.97,
    75.49,
    561.86,
    584.24,
    2023.3,
    949.52,
    157.93,
    144.36,
    217.0,
    2165.14,
    1181.68,
    480.54,
    719.46,
    551.86,
    2111.59,
    161.63,
    991.09,
    1680.13,
    301.52,
    1512.17,
    2148.03,
    2181.18,
    340.01,
    2079.26,
    2142.16,
    135.59,
    1467.69,
    363.81,
    2029.9,
    844.73,
    247.68,
    553.49,
    2258.89,
    593.47,
    1585.24,
    271.72,
    1706.0,
    1755.97,
    2126.86,
    2104.58,
    939.94,
    1014.68,
    1990.78,
    2155.4,
    2075.69,
    267.08,
    2164.03,
    1971.92,
    1927.18,
    989.15,
    1237.79,
    1762.14,
    2154.77,
    1453.07,
    1580.2,
    2090.84,
    2193.14,
    200.43,
    1184.55,
    1587.15,
    1836.91,
    398.15,
    714.94,
    786.67,
    674.51,
    868.72,
    2049.75,
    1713.88,
    5.53,
    1455.86,
    1655.2,
    1797.43,
    530.63,
    211.44,
    1835.17,
    1450.23,
    1688.47,
    77.61,
    2049.94,
    459.43,
    565.25,
    1827.25,
    2209.46,
    1855.03,
    2126.56,
    1574.91,
    1829.57,
    266.99,
    831.96,
    112.95,
    1672.05,
    2173.15,
    387.82,
    1486.72,
    181.82,
    1057.96,
    457.92,
    1051.46,
    2046.18,
    1979.6,
    1798.99,
    1839.0,
    691.67,
    532.68,
    960.95,
    1681.88,
    467.89,
    1609.54,
    1754.13,
    1586.43,
    1326.55,
    1875.67,
    2062.87,
    803.55,
    2220.54,
    2027.1,
    519.84,
    877.82,
    1626.52,
    1610.09,
    469.36,
    1521.83,
    1209.8,
    1122.78,
    1943.58,
    1822.83,
    1753.58,
    525.23,
    222.85,
    1894.98
  ],
  "spectrogram": "results/spectrograms/sentinel_830MHz_032533_spectrogram.png"
}