{
  "file": "captures/sentinel_832MHz_033711.iq",
  "freq_mhz": 832.0,
  "n_samples": 480000,
  "duration_ms": 200.0,
  "kurtosis": 327.872,
  "papr_db": 28.04,
  "pulse_count": 188,
  "prf_hz": 200000.0,
  "duty_cycle": 0.004262,
  "threshold": 0.02789,
  "pulse_widths_us": [
    1.67,
    4.58,
    5.0,
    5.42,
    4.58,
    8.33,
    5.0,
    2.5,
    2.08,
    6.25,
    5.42,
    3.33,
    1.67,
    1.25,
    6.25,
    1.25,
    5.42,
    10.42,
    1.25,
    6.67,
    1.67,
    2.92,
    1.67,
    2.92,
    4.17,
    1.25,
    10.42,
    6.67,
    2.08,
    2.5,
    11.25,
    1.25,
    1.67,
    4.58,
    1.25,
    1.67,
    4.58,
    1.25,
    3.33,
    5.42,
    3.75,
    4.17,
    1.67,
    3.75,
    2.92,
    2.5,
    1.67,
    6.67,
    2.08,
    10.0,
    15.42,
    3.75,
    13.33,
    5.83,
    1.67,
    8.33,
    7.92,
    2.92,
    9.58,
    7.5,
    4.17,
    6.25,
    6.25,
    5.42,
    1.25,
    10.0,
    2.92,
    1.67,
    7.08,
    4.17,
    1.25,
    5.83,
    2.08,
    2.08,
    14.58,
    1.25,
    1.67,
    10.83,
    3.33,
    6.25,
    1.25,
    2.08,
    6.67,
    2.08,
    2.08,
    2.92,
    5.42,
    5.0,
    1.67,
    2.08,
    5.0,
    3.33,
    1.25,
    5.0,
    3.33,
    11.25,
    3.75,
    2.92,
    3.75,
    2.5,
    10.83,
    2.08,
    9.17,
    2.08,
    5.42,
    2.08,
    1.25,
    2.08,
    14.17,
    1.25,
    1.25,
    6.25,
    5.83,
    3.75,
    12.92,
    1.25,
    7.5,
    2.08,
    2.08,
    6.67,
    6.25,
    3.33,
    7.5,
    1.25,
    2.5,
    3.75,
    2.5,
    1.67,
    10.0,
    2.08,
    2.92,
    2.08,
    1.25,
    9.17,
    4.17,
    1.67,
    3.33,
    5.0,
    1.25,
    10.83,
    12.92,
    2.08,
    2.08,
    4.17,
    1.25,
    1.67,
    9.17,
    2.08,
    1.67,
    4.58,
    1.25,
    5.0,
    7.08,
    3.33,
    1.67,
    11.67,
    14.17,
    5.0,
    2.08,
    7.5,
    3.33,
    2.08,
    2.92,
    1.25,
    3.75,
    4.58,
    1.25,
    2.5,
    4.58,
    7.92,
    3.33,
    2.92,
    2.5,
    4.17,
    8.33,
    3.33,
    6.67,
    4.17,
    7.08,
    3.33,
    2.92,
    12.5,
    6.25,
    4.58,
    3.33,
    3.75,
    2.08,
    6.25
  ],
  "pulse_bandwidths_khz": [
    435.62,
    1239.15,
    1536.98,
    1500.26,
    1056.06,
    1547.01,
    1429.13,
    2118.75,
    1030.02,
    2150.32,
    1255.83,
    1961.3,
    397.24,
    353.46,
    2029.83,
    154.11,
    2031.21,
    1927.22,
    1364.14,
    1204.24,
    1134.14,
    1536.4,
    864.06,
    597.68,
    1642.8,
    456.08,
    1924.06,
    2079.54,
    1059.94,
    1000.1,
    2260.2,
    399.75,
    1304.96,
    1332.54,
    45.72,
    1355.87,
    1393.03,
    16.77,
    1426.9,
    1821.51,
    1682.71,
    1814.4,
    859.3,
    654.1,
    1234.44,
    1032.23,
    848.87,
    2076.02,
    1135.85,
    1382.33,
    2115.42,
    1573.89,
    2252.96,
    2058.65,
    873.63,
    1519.34,
    1838.91,
    867.59,
    2076.78,
    2203.75,
    1890.68,
    2219.01,
    2167.3,
    1843.66,
    1531.85,
    2197.97,
    1869.56,
    220.93,
    1792.42,
    1608.78,
    764.22,
    1328.23,
    1241.13,
    1447.66,
    2264.16,
    661.91,
    1135.47,
    2094.17,
    1205.58,
    1408.39,
    1288.95,
    833.72,
    1162.96,
    1174.82,
    1323.95,
    2053.97,
    2001.52,
    1544.63,
    1741.91,
    1564.07,
    1946.86,
    1599.43,
    53.0,
    1966.51,
    898.74,
    1913.02,
    1364.92,
    1012.61,
    2106.48,
    501.94,
    2312.97,
    981.92,
    2065.33,
    995.49,
    2069.66,
    1170.94,
    141.87,
    1220.71,
    1880.65,
    809.63,
    355.14,
    1961.95,
    1385.68,
    1893.39,
    2321.61,
    175.25,
    1604.82,
    724.65,
    1167.82,
    1969.62,
    1543.2,
    564.49,
    1731.29,
    1216.45,
    1049.62,
    1867.82,
    921.79,
    1732.76,
    2152.71,
    515.94,
    1306.99,
    842.28,
    1639.68,
    2270.42,
    1160.92,
    1065.58,
    709.25,
    1906.67,
    794.66,
    2371.24,
    2279.68,
    1248.06,
    1497.91,
    1453.38,
    57.54,
    256.09,
    1836.43,
    794.75,
    419.02,
    1329.85,
    1174.08,
    2056.2,
    1326.25,
    559.09,
    413.13,
    2164.34,
    2350.42,
    1657.95,
    1161.21,
    1650.04,
    2126.41,
    194.65,
    1196.53,
    89.5,
    1651.79,
    756.17,
    1026.58,
    1141.78,
    1916.62,
    1352.59,
    1345.83,
    1868.28,
    926.17,
    1098.31,
    2141.49,
    2186.41,
    1662.06,
    1536.62,
    2157.17,
    1577.76,
    852.64,
    2129.09,
    1290.06,
    1451.58,
    1387.64,
    1315.13,
    683.72,
    1524.12
  ],
  "spectrogram": "results/spectrograms/sentinel_832MHz_033711_spectrogram.png"
}