{
  "timestamp": "2026-03-14T04:08:42.531015Z",
  "report_hash": "c446b74cdac7d46c106e0585e2814efa2b52945b015beb45752e32d6505e0e1b",
  "correlation": {
    "auc": 0.9287307692307691,
    "permutation_p": 0.0004997501249375312,
    "n_symptoms": 52,
    "significant": true
  },
  "fingerprints": {
    "n_clusters": 8,
    "silhouette": 0.061363353554035785
  },
  "modes": {
    "n_modes": 8,
    "symptom_by_mode": {
      "QUIET": 63
    }
  }
}