{
  "n_clusters": 8,
  "silhouette": 0.061363353554035785,
  "bic_scores": {
    "2": 133356.60486127433,
    "3": 125139.63225852535,
    "4": 118385.5034270431,
    "5": 115788.69782288097,
    "6": 111779.51684797577,
    "7": 109533.84303887784,
    "8": 108061.12208775149
  },
  "clusters": [
    {
      "cluster": 0,
      "n_samples": 589,
      "pct": 20.33839779005525,
      "mean_spectral_centroid": 631115.6103034805,
      "mean_spectral_bandwidth": 323841.3722145586,
      "mean_spectral_rolloff": 979809.1402801358,
      "mean_spectral_flatness": 0.4819140135735931,
      "mean_env_kurtosis": 121.58934531470916,
      "mean_env_skewness": 8.771364937462103,
      "mean_env_papr": 24.039868456803276,
      "mean_modulation_depth": 325.9001788396787,
      "mean_burst_rate": 5875.89947292153,
      "mean_burst_regularity": 13.505304739056298,
      "mean_prf_estimate": 10524.755501972191,
      "mean_energy_mean": 2.5463390088243276,
      "mean_energy_std": 3.376924459985339,
      "mean_energy_kurtosis": 28.2367672230068,
      "mean_cepstral_0": 12.883713359541318,
      "mean_cepstral_1": -0.0026122362576300557,
      "mean_cepstral_2": -0.08870377309522742,
      "mean_cepstral_3": -0.0015658488645273372,
      "mean_cepstral_4": 0.003881213688883993,
      "mean_cepstral_5": -0.028353070268502433,
      "mean_cepstral_6": 0.002768029622863399,
      "mean_cepstral_7": -0.00683806921494281,
      "mean_cepstral_8": -0.016548927881563116,
      "mean_cepstral_9": 0.0032434374938335488,
      "mean_cepstral_10": -0.007037304927889049,
      "mean_cepstral_11": -0.009962273520312856,
      "mean_cepstral_12": 0.000651317782317759,
      "protocol_matches": [
        "LTE symbol (ext) (83\u03bcs)",
        "WiFi DIFS (2.4G) (50\u03bcs)"
      ]
    },
    {
      "cluster": 1,
      "n_samples": 237,
      "pct": 8.183701657458563,
      "mean_spectral_centroid": 567738.2244198312,
      "mean_spectral_bandwidth": 340019.7009493671,
      "mean_spectral_rolloff": 973143.5611814345,
      "mean_spectral_flatness": 0.5544661363971888,
      "mean_env_kurtosis": 200.04169782807554,
      "mean_env_skewness": 11.281891354025667,
      "mean_env_papr": 25.561074631123603,
      "mean_modulation_depth": 370.3620871370855,
      "mean_burst_rate": 3884.10970464135,
      "mean_burst_regularity": 4.842878490057676,
      "mean_prf_estimate": 4216.413367162777,
      "mean_energy_mean": 0.9115268321479926,
      "mean_energy_std": 1.6773370203841085,
      "mean_energy_kurtosis": 56.63793807693675,
      "mean_cepstral_0": 12.048071937721993,
      "mean_cepstral_1": -0.034379767508438554,
      "mean_cepstral_2": -0.007054332097578492,
      "mean_cepstral_3": 0.002130730564046648,
      "mean_cepstral_4": 0.0023170116699874435,
      "mean_cepstral_5": 0.0008986114382504281,
      "mean_cepstral_6": 0.00029961876278144616,
      "mean_cepstral_7": -0.00047063390066884536,
      "mean_cepstral_8": -0.0007846791752169188,
      "mean_cepstral_9": -0.0010510731839078389,
      "mean_cepstral_10": -0.0008077811923137045,
      "mean_cepstral_11": -0.000911034095034792,
      "mean_cepstral_12": -0.0011899913869905204,
      "protocol_matches": [
        "No known match"
      ]
    },
    {
      "cluster": 2,
      "n_samples": 62,
      "pct": 2.1408839779005526,
      "mean_spectral_centroid": 570173.5100806452,
      "mean_spectral_bandwidth": 291103.8897429436,
      "mean_spectral_rolloff": 883787.4208669355,
      "mean_spectral_flatness": 0.33159526401469785,
      "mean_env_kurtosis": 48.90498610081211,
      "mean_env_skewness": 4.073261531730814,
      "mean_env_papr": 17.778258023723478,
      "mean_modulation_depth": 156.98915809969748,
      "mean_burst_rate": 16468.417976625504,
      "mean_burst_regularity": 7.236076141076703,
      "mean_prf_estimate": 42363.65266073904,
      "mean_energy_mean": 350.91892515843915,
      "mean_energy_std": 104.02800215387177,
      "mean_energy_kurtosis": 14.025277606902584,
      "mean_cepstral_0": 15.463111400604248,
      "mean_cepstral_1": -0.16700384131963214,
      "mean_cepstral_2": 0.020248440642570777,
      "mean_cepstral_3": -0.008684669174404153,
      "mean_cepstral_4": -0.005741836458084083,
      "mean_cepstral_5": -0.016465732080471373,
      "mean_cepstral_6": -0.010013619772977225,
      "mean_cepstral_7": -0.005168020000470982,
      "mean_cepstral_8": -0.006896133707825004,
      "mean_cepstral_9": -0.002576820356338313,
      "mean_cepstral_10": -0.006607625063723742,
      "mean_cepstral_11": 0.002596414742818583,
      "mean_cepstral_12": -0.004395538718522256,
      "protocol_matches": [
        "No known match"
      ]
    },
    {
      "cluster": 3,
      "n_samples": 894,
      "pct": 30.870165745856355,
      "mean_spectral_centroid": 550371.9336199665,
      "mean_spectral_bandwidth": 331224.99210011185,
      "mean_spectral_rolloff": 941682.6721895973,
      "mean_spectral_flatness": 0.5304832881862418,
      "mean_env_kurtosis": 97.71628868179833,
      "mean_env_skewness": 8.01892297539935,
      "mean_env_papr": 23.68006592522265,
      "mean_modulation_depth": 246.9973492035663,
      "mean_burst_rate": 6450.6771720869165,
      "mean_burst_regularity": 12.46230834475833,
      "mean_prf_estimate": 8339.916412831419,
      "mean_energy_mean": 1.1024112826092398,
      "mean_energy_std": 1.754241437853316,
      "mean_energy_kurtosis": 27.68640558671631,
      "mean_cepstral_0": 12.44789774039181,
      "mean_cepstral_1": -0.04901108242049438,
      "mean_cepstral_2": -0.018690141085618627,
      "mean_cepstral_3": -0.010081433520731653,
      "mean_cepstral_4": -0.003686360712688297,
      "mean_cepstral_5": -0.0016469367815129395,
      "mean_cepstral_6": -0.0036803275661461497,
      "mean_cepstral_7": -0.008207005406542199,
      "mean_cepstral_8": -0.004921173435499648,
      "mean_cepstral_9": -0.003504259156060215,
      "mean_cepstral_10": -0.0040860299421639065,
      "mean_cepstral_11": -0.005075676489218087,
      "mean_cepstral_12": -0.003420431635276546,
      "protocol_matches": [
        "No known match"
      ]
    },
    {
      "cluster": 4,
      "n_samples": 138,
      "pct": 4.765193370165746,
      "mean_spectral_centroid": 563469.8455615942,
      "mean_spectral_bandwidth": 337117.4861865942,
      "mean_spectral_rolloff": 964352.8682065217,
      "mean_spectral_flatness": 0.5535743439543075,
      "mean_env_kurtosis": 9.788720217303954,
      "mean_env_skewness": 2.517714942710987,
      "mean_env_papr": 11.149758864140164,
      "mean_modulation_depth": 13.21595113173775,
      "mean_burst_rate": 112633.20700294385,
      "mean_burst_regularity": 0.9620699498100557,
      "mean_prf_estimate": 112636.45238903986,
      "mean_energy_mean": 0.6210266731787419,
      "mean_energy_std": 0.011374708810024827,
      "mean_energy_kurtosis": 3.3377489568530647,
      "mean_cepstral_0": 12.108936275261035,
      "mean_cepstral_1": -0.043558335579607796,
      "mean_cepstral_2": -0.016084960061192945,
      "mean_cepstral_3": -0.0058751840480144365,
      "mean_cepstral_4": -0.004115540461181967,
      "mean_cepstral_5": -0.004442251716576773,
      "mean_cepstral_6": -0.0044157589872011686,
      "mean_cepstral_7": -0.004110894347621175,
      "mean_cepstral_8": -0.0039529220961992614,
      "mean_cepstral_9": -0.0040997158115108805,
      "mean_cepstral_10": -0.003662627498994774,
      "mean_cepstral_11": -0.00396764004435154,
      "mean_cepstral_12": -0.003788452855192388,
      "protocol_matches": [
        "WiFi SIFS (2.4G) (10\u03bcs)",
        "WiFi slot time (9\u03bcs)"
      ]
    },
    {
      "cluster": 5,
      "n_samples": 722,
      "pct": 24.930939226519335,
      "mean_spectral_centroid": 574195.991949446,
      "mean_spectral_bandwidth": 338233.5290858726,
      "mean_spectral_rolloff": 970560.4199272853,
      "mean_spectral_flatness": 0.5480724798510279,
      "mean_env_kurtosis": 78.81370124922564,