{"baseline": {"400.0": 4.099546255384902, "406.0": 3.535, "412.0": 3.642, "418.0": 3.336836049232252, "424.0": 3.112, "430.0": 2.883, "436.0": 2.5715582925212503, "442.0": 2.714, "448.0": 2.588, "454.0": 2.5091013041132952, "460.0": 3.372, "466.0": 2.293, "472.0": 2.443359947414069, "478.0": 2.829, "484.0": 2.677, "490.0": 3.243329110875089, "496.0": 2.815, "502.0": 5.506, "508.0": 3.615798851448956, "514.0": 2.765, "520.0": 3.534, "526.0": 3.3796180393912305, "532.0": 3.289, "538.0": 3.28, "544.0": 3.5865562926154477, "550.0": 3.11, "556.0": 5.16, "562.0": 5.147083166968857, "568.0": 5.154, "574.0": 5.115, "580.0": 5.061853349858554, "586.0": 4.332, "592.0": 3.884, "598.0": 3.6573557965771952, "604.0": 4.157, "610.0": 4.432, "616.0": 5.941899037557999, "622.0": 8.22, "628.0": 45.234, "634.0": 40.13089233831169, "640.0": 5.876, "646.0": 24.588, "652.0": 9.674748640511321, "658.0": 5.638, "664.0": 5.449, "670.0": 7.3220739057747934, "676.0": 6.44, "682.0": 6.28, "688.0": 7.493359406289021, "694.0": 7.288, "700.0": 7.244, "706.0": 7.537560803490435, "712.0": 7.245, "718.0": 7.432, "724.0": 7.470749465526297, "730.0": 7.001, "736.0": 7.947, "742.0": 6.64015055778994, "748.0": 5.262, "754.0": 6.016, "760.0": 5.812171695804302, "766.0": 7.927, "772.0": 7.829, "778.0": 8.16001400950341, "784.0": 8.554, "790.0": 8.351, "796.0": 8.149674187238093, "802.0": 8.394, "808.0": 8.639, "814.0": 8.617474142011918, "820.0": 8.679, "826.0": 52.828, "832.0": 13.738667195196024, "838.0": 8.649, "844.0": 8.466, "850.0": 7.2885970626978445, "856.0": 8.565, "862.0": 8.356, "868.0": 7.45016747262613, "874.0": 15.039, "880.0": 10.035, "886.0": 6.073725476405176, "892.0": 8.238, "898.0": 8.503, "904.0": 8.406818943970514, "910.0": 8.647, "916.0": 8.502, "922.0": 8.263379570727134, "928.0": 8.537, "934.0": 8.45, "940.0": 8.639179592647793, "946.0": 8.565, "952.0": 8.701, "958.0": 8.825985499607222, "964.0": 8.482, "970.0": 8.73, "976.0": 8.855333409670264, "982.0": 8.696, "988.0": 9.084, "994.0": 8.889600167791565, "1000.0": 8.706, "50.0": 27.071620239094422, "68.0": 9.109077259088789, "86.0": 15.142375875623944, "104.0": 2.5455053152211824, "122.0": 25.101942469923287, "140.0": 21.9556591050911, "158.0": 16.235682271518517, "176.0": 9.27248911571957, "194.0": 13.886150500745352, "212.0": 7.285656842486239, "230.0": 8.936017162541566, "248.0": 6.577518396582116, "266.0": 3.9651432394106676, "284.0": 3.4601123521308184, "302.0": 5.439008018812077, "320.0": 5.162900737576893, "338.0": 4.97233516796833, "356.0": 4.3261498421389035, "374.0": 3.6630507910312478, "392.0": 5.297575249290467, "410.0": 3.4707315875261946, "428.0": 3.071523773441881, "446.0": 3.213808556190085, "464.0": 2.397217703508848, "482.0": 3.102083027207542, "500.0": 3.1882874001952555, "518.0": 3.0544987042517433, "536.0": 2.675591936803837, "554.0": 3.40271676652684, "572.0": 4.634806509334291, "590.0": 4.421528353342853, "608.0": 3.602103674342801, "626.0": 147.7170175985401, "644.0": 18.63247771550694, "662.0": 6.846194715891114, "680.0": 7.178124069381536, "698.0": 6.849452026399274, "716.0": 7.931370212965837, "734.0": 8.382116623288422, "752.0": 5.827080887745062, "770.0": 8.497679872885488, "788.0": 8.54619960681272, "806.0": 8.535232891066741, "824.0": 8.18919223700064, "842.0": 8.470596003895501, "860.0": 3.9972953363277326, "878.0": 14.281303977740961, "896.0": 8.795341999440154, "914.0": 8.87949495250054, "932.0": 7.6452650769461945, "950.0": 8.642022414534884, "968.0": 8.849207066672946, "986.0": 8.946121236203007}, "bl_median": 7.288, "bl_sigma": 2.1379092, "target_history": {"826.0": {"initial_kurt": 52.828}, "828.0": {"initial_kurt": 0}, "830.0": {"initial_kurt": 0}, "832.0": {"initial_kurt": 75.158}, "834.0": {"initial_kurt": 0}, "878.0": {"initial_kurt": 0}}, "total_cycles": 1413, "total_migrations": 96, "start_time": "2026-03-14T10:56:16.906624"}