{"baseline": {"400.0": 4.099546255384902, "406.0": 3.535, "412.0": 3.642, "418.0": 3.336836049232252, "424.0": 3.112, "430.0": 2.883, "436.0": 2.5715582925212503, "442.0": 2.714, "448.0": 2.588, "454.0": 2.5091013041132952, "460.0": 3.372, "466.0": 2.293, "472.0": 2.443359947414069, "478.0": 2.829, "484.0": 2.677, "490.0": 3.243329110875089, "496.0": 2.815, "502.0": 5.506, "508.0": 3.615798851448956, "514.0": 2.765, "520.0": 3.534, "526.0": 3.3796180393912305, "532.0": 3.289, "538.0": 3.28, "544.0": 3.5865562926154477, "550.0": 3.11, "556.0": 5.16, "562.0": 5.147083166968857, "568.0": 5.154, "574.0": 5.115, "580.0": 5.061853349858554, "586.0": 4.332, "592.0": 3.884, "598.0": 3.6573557965771952, "604.0": 4.157, "610.0": 4.432, "616.0": 5.941899037557999, "622.0": 8.22, "628.0": 45.234, "634.0": 40.13089233831169, "640.0": 5.876, "646.0": 24.588, "652.0": 9.674748640511321, "658.0": 5.638, "664.0": 5.449, "670.0": 7.3220739057747934, "676.0": 6.44, "682.0": 6.28, "688.0": 7.493359406289021, "694.0": 7.288, "700.0": 7.244, "706.0": 7.537560803490435, "712.0": 7.245, "718.0": 7.432, "724.0": 7.470749465526297, "730.0": 7.001, "736.0": 7.947, "742.0": 6.64015055778994, "748.0": 5.262, "754.0": 6.016, "760.0": 5.812171695804302, "766.0": 7.927, "772.0": 7.829, "778.0": 8.16001400950341, "784.0": 8.554, "790.0": 8.351, "796.0": 8.149674187238093, "802.0": 8.394, "808.0": 8.639, "814.0": 8.617474142011918, "820.0": 8.679, "826.0": 52.828, "832.0": 13.738667195196024, "838.0": 8.649, "844.0": 8.466, "850.0": 7.2885970626978445, "856.0": 8.565, "862.0": 8.356, "868.0": 7.45016747262613, "874.0": 15.039, "880.0": 10.035, "886.0": 6.073725476405176, "892.0": 8.238, "898.0": 8.503, "904.0": 8.406818943970514, "910.0": 8.647, "916.0": 8.502, "922.0": 8.263379570727134, "928.0": 8.537, "934.0": 8.45, "940.0": 8.639179592647793, "946.0": 8.565, "952.0": 8.701, "958.0": 8.825985499607222, "964.0": 8.482, "970.0": 8.73, "976.0": 8.855333409670264, "982.0": 8.696, "988.0": 9.084, "994.0": 8.889600167791565, "1000.0": 8.706, "50.0": 33.67352584567008, "68.0": 15.35181418446114, "86.0": 10.327489081125044, "104.0": 2.684406790311721, "122.0": 19.647641419601456, "140.0": 20.8982224314052, "158.0": 23.29966361745581, "176.0": 14.622510796997954, "194.0": 17.65500879408804, "212.0": 12.746657055423258, "230.0": 9.968295961067902, "248.0": 7.503382885989405, "266.0": 4.482121770930996, "284.0": 3.5474473906170583, "302.0": 6.632944060631698, "320.0": 6.829064290405212, "338.0": 6.531220118416312, "356.0": 17.10666133450089, "374.0": 8.308004274964873, "392.0": 3.698965222667481, "410.0": 5.081314957699236, "428.0": 2.623967930720532, "446.0": 2.7762652580344027, "464.0": 2.270784913164401, "482.0": 3.234332043879698, "500.0": 3.1436714457559636, "518.0": 3.3180431822457104, "536.0": 3.2913261765692994, "554.0": 4.329941861453963, "572.0": 5.262362671464184, "590.0": 4.367709598171703, "608.0": 4.8136001210269965, "626.0": 79.08362847004204, "644.0": 28.729654037459742, "662.0": 6.933620559084905, "680.0": 7.3764743192474675, "698.0": 7.235579378895047, "716.0": 8.134324188522129, "734.0": 8.112395472083424, "752.0": 5.945142046146977, "770.0": 8.374625907606756, "788.0": 8.359865171523417, "806.0": 8.463227973882839, "824.0": 8.247393677627336, "842.0": 8.665714699778889, "860.0": 4.064174708554158, "878.0": 20.395139323627216, "896.0": 8.779561682811288, "914.0": 9.131293648662165, "932.0": 7.41534587332693, "950.0": 8.802797439871043, "968.0": 8.95867622147569, "986.0": 8.882364069654033}, "bl_median": 7.288, "bl_sigma": 2.1379092, "target_history": {"826.0": {"initial_kurt": 52.828}, "828.0": {"initial_kurt": 0}, "830.0": {"initial_kurt": 0}, "832.0": {"initial_kurt": 75.158}, "834.0": {"initial_kurt": 0}, "878.0": {"initial_kurt": 0}}, "total_cycles": 2460, "total_migrations": 160, "start_time": "2026-03-15T15:04:52.007804", "last_update": "2026-03-15T20:55:27.756911+00:00"}