{"baseline": {"400.0": 4.099546255384902, "406.0": 3.535, "412.0": 3.642, "418.0": 3.336836049232252, "424.0": 3.112, "430.0": 2.883, "436.0": 2.5715582925212503, "442.0": 2.714, "448.0": 2.588, "454.0": 2.5091013041132952, "460.0": 3.372, "466.0": 2.293, "472.0": 2.443359947414069, "478.0": 2.829, "484.0": 2.677, "490.0": 3.243329110875089, "496.0": 2.815, "502.0": 5.506, "508.0": 3.615798851448956, "514.0": 2.765, "520.0": 3.534, "526.0": 3.3796180393912305, "532.0": 3.289, "538.0": 3.28, "544.0": 3.5865562926154477, "550.0": 3.11, "556.0": 5.16, "562.0": 5.147083166968857, "568.0": 5.154, "574.0": 5.115, "580.0": 5.061853349858554, "586.0": 4.332, "592.0": 3.884, "598.0": 3.6573557965771952, "604.0": 4.157, "610.0": 4.432, "616.0": 5.941899037557999, "622.0": 8.22, "628.0": 45.234, "634.0": 40.13089233831169, "640.0": 5.876, "646.0": 24.588, "652.0": 9.674748640511321, "658.0": 5.638, "664.0": 5.449, "670.0": 7.3220739057747934, "676.0": 6.44, "682.0": 6.28, "688.0": 7.493359406289021, "694.0": 7.288, "700.0": 7.244, "706.0": 7.537560803490435, "712.0": 7.245, "718.0": 7.432, "724.0": 7.470749465526297, "730.0": 7.001, "736.0": 7.947, "742.0": 6.64015055778994, "748.0": 5.262, "754.0": 6.016, "760.0": 5.812171695804302, "766.0": 7.927, "772.0": 7.829, "778.0": 8.16001400950341, "784.0": 8.554, "790.0": 8.351, "796.0": 8.149674187238093, "802.0": 8.394, "808.0": 8.639, "814.0": 8.617474142011918, "820.0": 8.679, "826.0": 52.828, "832.0": 13.738667195196024, "838.0": 8.649, "844.0": 8.466, "850.0": 7.2885970626978445, "856.0": 8.565, "862.0": 8.356, "868.0": 7.45016747262613, "874.0": 15.039, "880.0": 10.035, "886.0": 6.073725476405176, "892.0": 8.238, "898.0": 8.503, "904.0": 8.406818943970514, "910.0": 8.647, "916.0": 8.502, "922.0": 8.263379570727134, "928.0": 8.537, "934.0": 8.45, "940.0": 8.639179592647793, "946.0": 8.565, "952.0": 8.701, "958.0": 8.825985499607222, "964.0": 8.482, "970.0": 8.73, "976.0": 8.855333409670264, "982.0": 8.696, "988.0": 9.084, "994.0": 8.889600167791565, "1000.0": 8.706, "50.0": 32.28318188400155, "68.0": 23.430847191023524, "86.0": 12.132152997535096, "104.0": 2.0324288053568482, "122.0": 21.09504051391341, "140.0": 17.84919682680668, "158.0": 23.124678538263826, "176.0": 14.93018713938364, "194.0": 17.87947877604983, "212.0": 8.945419089956086, "230.0": 8.745741541084103, "248.0": 7.444197188639263, "266.0": 5.2397041825863235, "284.0": 3.5736633700167753, "302.0": 6.066332355582042, "320.0": 6.32849117860284, "338.0": 7.198234067859898, "356.0": 31.394233860277957, "374.0": 10.81267898478172, "392.0": 3.6456288405657338, "410.0": 3.425228237305153, "428.0": 2.4825771511588517, "446.0": 2.7494334137904484, "464.0": 2.068324549612752, "482.0": 3.27887731602765, "500.0": 3.157093518391954, "518.0": 3.203778129312206, "536.0": 3.5640178067078416, "554.0": 3.8815513141701303, "572.0": 4.871847003184766, "590.0": 4.15129468809824, "608.0": 4.271956455742102, "626.0": 90.96901897614312, "644.0": 28.341715735937775, "662.0": 7.634180045722388, "680.0": 7.659571171214324, "698.0": 7.049795115912194, "716.0": 7.979928589889578, "734.0": 7.59094057459008, "752.0": 7.146550175498448, "770.0": 8.450656757995924, "788.0": 8.458372890447453, "806.0": 8.462003432674258, "824.0": 8.032481319634615, "842.0": 8.469824283307812, "860.0": 3.2144105366588014, "878.0": 25.08883048263732, "896.0": 8.721858572889163, "914.0": 9.441462772279253, "932.0": 8.12435259317125, "950.0": 8.68474212498709, "968.0": 8.931653785339755, "986.0": 8.995158540757135}, "bl_median": 7.288, "bl_sigma": 2.1379092, "target_history": {"826.0": {"initial_kurt": 52.828}, "828.0": {"initial_kurt": 0}, "830.0": {"initial_kurt": 0}, "832.0": {"initial_kurt": 75.158}, "834.0": {"initial_kurt": 0}, "878.0": {"initial_kurt": 0}}, "total_cycles": 1544, "total_migrations": 134, "start_time": "2026-03-14T20:00:50.146758", "last_update": "2026-03-15T06:58:51.941001+00:00"}