{"baseline": {"400.0": 4.099546255384902, "406.0": 3.535, "412.0": 3.642, "418.0": 3.336836049232252, "424.0": 3.112, "430.0": 2.883, "436.0": 2.5715582925212503, "442.0": 2.714, "448.0": 2.588, "454.0": 2.5091013041132952, "460.0": 3.372, "466.0": 2.293, "472.0": 2.443359947414069, "478.0": 2.829, "484.0": 2.677, "490.0": 3.243329110875089, "496.0": 2.815, "502.0": 5.506, "508.0": 3.615798851448956, "514.0": 2.765, "520.0": 3.534, "526.0": 3.3796180393912305, "532.0": 3.289, "538.0": 3.28, "544.0": 3.5865562926154477, "550.0": 3.11, "556.0": 5.16, "562.0": 5.147083166968857, "568.0": 5.154, "574.0": 5.115, "580.0": 5.061853349858554, "586.0": 4.332, "592.0": 3.884, "598.0": 3.6573557965771952, "604.0": 4.157, "610.0": 4.432, "616.0": 5.941899037557999, "622.0": 8.22, "628.0": 45.234, "634.0": 40.13089233831169, "640.0": 5.876, "646.0": 24.588, "652.0": 9.674748640511321, "658.0": 5.638, "664.0": 5.449, "670.0": 7.3220739057747934, "676.0": 6.44, "682.0": 6.28, "688.0": 7.493359406289021, "694.0": 7.288, "700.0": 7.244, "706.0": 7.537560803490435, "712.0": 7.245, "718.0": 7.432, "724.0": 7.470749465526297, "730.0": 7.001, "736.0": 7.947, "742.0": 6.64015055778994, "748.0": 5.262, "754.0": 6.016, "760.0": 5.812171695804302, "766.0": 7.927, "772.0": 7.829, "778.0": 8.16001400950341, "784.0": 8.554, "790.0": 8.351, "796.0": 8.149674187238093, "802.0": 8.394, "808.0": 8.639, "814.0": 8.617474142011918, "820.0": 8.679, "826.0": 52.828, "832.0": 13.738667195196024, "838.0": 8.649, "844.0": 8.466, "850.0": 7.2885970626978445, "856.0": 8.565, "862.0": 8.356, "868.0": 7.45016747262613, "874.0": 15.039, "880.0": 10.035, "886.0": 6.073725476405176, "892.0": 8.238, "898.0": 8.503, "904.0": 8.406818943970514, "910.0": 8.647, "916.0": 8.502, "922.0": 8.263379570727134, "928.0": 8.537, "934.0": 8.45, "940.0": 8.639179592647793, "946.0": 8.565, "952.0": 8.701, "958.0": 8.825985499607222, "964.0": 8.482, "970.0": 8.73, "976.0": 8.855333409670264, "982.0": 8.696, "988.0": 9.084, "994.0": 8.889600167791565, "1000.0": 8.706, "50.0": 20.51644666424066, "68.0": 8.882761015525306, "86.0": 9.785490808754187, "104.0": 2.416959880904129, "122.0": 24.866657300671402, "140.0": 19.475597664947294, "158.0": 12.431465502182913, "176.0": 8.196003958713124, "194.0": 15.69784929721528, "212.0": 7.067859011858682, "230.0": 8.269225395018951, "248.0": 6.526061683011345, "266.0": 3.7817788960053185, "284.0": 3.494772076726881, "302.0": 5.237512834793095, "320.0": 5.035280616012001, "338.0": 5.294784876832016, "356.0": 4.068163910279067, "374.0": 3.5640373236840275, "392.0": 4.798360249711322, "410.0": 3.4322651387376286, "428.0": 3.038619986209641, "446.0": 3.184919170616834, "464.0": 2.700633624309724, "482.0": 2.9748780021868955, "500.0": 3.1228405303581472, "518.0": 3.1043602745146526, "536.0": 2.7575424685373866, "554.0": 3.406759067720201, "572.0": 4.784341992100824, "590.0": 4.7894349426384215, "608.0": 3.732995600151905, "626.0": 204.94993839697284, "644.0": 17.20532008134537, "662.0": 6.3679689655063045, "680.0": 7.027741580171591, "698.0": 6.751544875308539, "716.0": 8.0903276718804, "734.0": 9.559120241796325, "752.0": 7.089105682846473, "770.0": 8.378059982492896, "788.0": 8.398956048908184, "806.0": 8.05049290376007, "824.0": 8.396611266812766, "842.0": 8.201322936244605, "860.0": 2.829541735083826, "878.0": 18.839851448849906, "896.0": 8.602803380588073, "914.0": 8.716697104468428, "932.0": 8.004780549099925, "950.0": 8.617339814962572, "968.0": 8.74798239005128, "986.0": 8.823319832756923}, "bl_median": 7.288, "bl_sigma": 2.1379092, "target_history": {"826.0": {"initial_kurt": 52.828}, "828.0": {"initial_kurt": 0}, "830.0": {"initial_kurt": 0}, "832.0": {"initial_kurt": 75.158}, "834.0": {"initial_kurt": 0}, "878.0": {"initial_kurt": 0}}, "total_cycles": 1347, "total_migrations": 84, "start_time": "2026-03-14T00:55:53.255020"}