{"baseline": {"400.0": 4.099546255384902, "406.0": 3.535, "412.0": 3.642, "418.0": 3.336836049232252, "424.0": 3.112, "430.0": 2.883, "436.0": 2.5715582925212503, "442.0": 2.714, "448.0": 2.588, "454.0": 2.5091013041132952, "460.0": 3.372, "466.0": 2.293, "472.0": 2.443359947414069, "478.0": 2.829, "484.0": 2.677, "490.0": 3.243329110875089, "496.0": 2.815, "502.0": 5.506, "508.0": 3.615798851448956, "514.0": 2.765, "520.0": 3.534, "526.0": 3.3796180393912305, "532.0": 3.289, "538.0": 3.28, "544.0": 3.5865562926154477, "550.0": 3.11, "556.0": 5.16, "562.0": 5.147083166968857, "568.0": 5.154, "574.0": 5.115, "580.0": 5.061853349858554, "586.0": 4.332, "592.0": 3.884, "598.0": 3.6573557965771952, "604.0": 4.157, "610.0": 4.432, "616.0": 5.941899037557999, "622.0": 8.22, "628.0": 45.234, "634.0": 40.13089233831169, "640.0": 5.876, "646.0": 24.588, "652.0": 9.674748640511321, "658.0": 5.638, "664.0": 5.449, "670.0": 7.3220739057747934, "676.0": 6.44, "682.0": 6.28, "688.0": 7.493359406289021, "694.0": 7.288, "700.0": 7.244, "706.0": 7.537560803490435, "712.0": 7.245, "718.0": 7.432, "724.0": 7.470749465526297, "730.0": 7.001, "736.0": 7.947, "742.0": 6.64015055778994, "748.0": 5.262, "754.0": 6.016, "760.0": 5.812171695804302, "766.0": 7.927, "772.0": 7.829, "778.0": 8.16001400950341, "784.0": 8.554, "790.0": 8.351, "796.0": 8.149674187238093, "802.0": 8.394, "808.0": 8.639, "814.0": 8.617474142011918, "820.0": 8.679, "826.0": 52.828, "832.0": 13.738667195196024, "838.0": 8.649, "844.0": 8.466, "850.0": 7.2885970626978445, "856.0": 8.565, "862.0": 8.356, "868.0": 7.45016747262613, "874.0": 15.039, "880.0": 10.035, "886.0": 6.073725476405176, "892.0": 8.238, "898.0": 8.503, "904.0": 8.406818943970514, "910.0": 8.647, "916.0": 8.502, "922.0": 8.263379570727134, "928.0": 8.537, "934.0": 8.45, "940.0": 8.639179592647793, "946.0": 8.565, "952.0": 8.701, "958.0": 8.825985499607222, "964.0": 8.482, "970.0": 8.73, "976.0": 8.855333409670264, "982.0": 8.696, "988.0": 9.084, "994.0": 8.889600167791565, "1000.0": 8.706, "50.0": 27.75843, "68.0": 22.984870000000004, "86.0": 9.70765, "104.0": 2.6556400000000004, "122.0": 10.194979999999997, "140.0": 13.294319999999999, "158.0": 21.92915, "176.0": 11.617210000000002, "194.0": 19.447150000000004, "212.0": 9.511420000000001, "230.0": 8.609100000000002, "248.0": 6.79694, "266.0": 3.6004000000000005, "284.0": 3.4230800000000006, "302.0": 6.1100200000000005, "320.0": 7.32483, "338.0": 6.11082, "356.0": 4.0360000000000005, "374.0": 7.00097, "392.0": 3.9308100000000006, "410.0": 3.1773499999999997, "428.0": 2.6179300000000008, "446.0": 2.6618399999999998, "464.0": 2.14028, "482.0": 3.2902199999999997, "500.0": 5.48287, "518.0": 3.10985, "536.0": 3.2292300000000003, "554.0": 3.3054800000000006, "572.0": 4.29761, "590.0": 3.74395, "608.0": 3.4118500000000003, "626.0": 16.938059999999997, "644.0": 26.538610000000002, "662.0": 6.15106, "680.0": 7.72949, "698.0": 7.157890000000002, "716.0": 8.72006, "734.0": 4.658470000000001, "752.0": 5.001259999999999, "770.0": 8.05484, "788.0": 8.310360000000001, "806.0": 8.3874, "824.0": 61.803520000000006, "842.0": 8.56615, "860.0": 6.52729, "878.0": 23.235820000000004, "896.0": 8.325310000000002, "914.0": 8.60524, "932.0": 8.02382, "950.0": 8.434190000000001, "968.0": 8.755500000000001, "986.0": 8.93946}, "bl_median": 7.288, "bl_sigma": 2.1379092, "target_history": {"826.0": {"initial_kurt": 52.828}, "828.0": {"initial_kurt": 0}, "830.0": {"initial_kurt": 0}, "832.0": {"initial_kurt": 75.158}, "834.0": {"initial_kurt": 0}, "878.0": {"initial_kurt": 0}}, "total_cycles": 1262, "total_migrations": 68, "start_time": "2026-03-13T17:52:40.459254", "last_update": "2026-03-13T22:59:57.403760+00:00"}