{"baseline": {"400.0": 4.099546255384902, "406.0": 3.535, "412.0": 3.642, "418.0": 3.336836049232252, "424.0": 3.112, "430.0": 2.883, "436.0": 2.5715582925212503, "442.0": 2.714, "448.0": 2.588, "454.0": 2.5091013041132952, "460.0": 3.372, "466.0": 2.293, "472.0": 2.443359947414069, "478.0": 2.829, "484.0": 2.677, "490.0": 3.243329110875089, "496.0": 2.815, "502.0": 5.506, "508.0": 3.615798851448956, "514.0": 2.765, "520.0": 3.534, "526.0": 3.3796180393912305, "532.0": 3.289, "538.0": 3.28, "544.0": 3.5865562926154477, "550.0": 3.11, "556.0": 5.16, "562.0": 5.147083166968857, "568.0": 5.154, "574.0": 5.115, "580.0": 5.061853349858554, "586.0": 4.332, "592.0": 3.884, "598.0": 3.6573557965771952, "604.0": 4.157, "610.0": 4.432, "616.0": 5.941899037557999, "622.0": 8.22, "628.0": 45.234, "634.0": 40.13089233831169, "640.0": 5.876, "646.0": 24.588, "652.0": 9.674748640511321, "658.0": 5.638, "664.0": 5.449, "670.0": 7.3220739057747934, "676.0": 6.44, "682.0": 6.28, "688.0": 7.493359406289021, "694.0": 7.288, "700.0": 7.244, "706.0": 7.537560803490435, "712.0": 7.245, "718.0": 7.432, "724.0": 7.470749465526297, "730.0": 7.001, "736.0": 7.947, "742.0": 6.64015055778994, "748.0": 5.262, "754.0": 6.016, "760.0": 5.812171695804302, "766.0": 7.927, "772.0": 7.829, "778.0": 8.16001400950341, "784.0": 8.554, "790.0": 8.351, "796.0": 8.149674187238093, "802.0": 8.394, "808.0": 8.639, "814.0": 8.617474142011918, "820.0": 8.679, "826.0": 52.828, "832.0": 13.738667195196024, "838.0": 8.649, "844.0": 8.466, "850.0": 7.2885970626978445, "856.0": 8.565, "862.0": 8.356, "868.0": 7.45016747262613, "874.0": 15.039, "880.0": 10.035, "886.0": 6.073725476405176, "892.0": 8.238, "898.0": 8.503, "904.0": 8.406818943970514, "910.0": 8.647, "916.0": 8.502, "922.0": 8.263379570727134, "928.0": 8.537, "934.0": 8.45, "940.0": 8.639179592647793, "946.0": 8.565, "952.0": 8.701, "958.0": 8.825985499607222, "964.0": 8.482, "970.0": 8.73, "976.0": 8.855333409670264, "982.0": 8.696, "988.0": 9.084, "994.0": 8.889600167791565, "1000.0": 8.706, "50.0": 32.55045218943837, "68.0": 14.777310224411393, "86.0": 9.87140697907682, "104.0": 2.785730233850544, "122.0": 19.667608173909183, "140.0": 21.238699879297574, "158.0": 23.071015805278044, "176.0": 14.23758365983272, "194.0": 17.33990618186621, "212.0": 11.478315539367062, "230.0": 9.896090385022722, "248.0": 7.624845456652437, "266.0": 4.749213579761348, "284.0": 3.610733941984801, "302.0": 6.791346275955534, "320.0": 6.866614563537424, "338.0": 7.126027775141717, "356.0": 13.294374670440373, "374.0": 6.851430629586938, "392.0": 3.4451893404308453, "410.0": 4.936940366276152, "428.0": 2.591158011237332, "446.0": 2.7046284064574917, "464.0": 2.198396126447781, "482.0": 3.1513175925718304, "500.0": 3.546050005076877, "518.0": 3.2447820050343785, "536.0": 3.639116863504791, "554.0": 5.231411579206936, "572.0": 7.170687601690585, "590.0": 4.486606788140815, "608.0": 4.449033187022665, "626.0": 75.7246065360804, "644.0": 23.974917344857314, "662.0": 7.1995762631195905, "680.0": 7.418788469818925, "698.0": 7.279918288006919, "716.0": 8.177633253915157, "734.0": 7.791312061669769, "752.0": 6.85704264440587, "770.0": 8.354079204771416, "788.0": 8.310900320408738, "806.0": 8.407727579765881, "824.0": 8.536882375196516, "842.0": 8.547071884104355, "860.0": 3.3771845077375415, "878.0": 20.379343075579424, "896.0": 8.507219674237131, "914.0": 8.640354152202757, "932.0": 8.25661527484924, "950.0": 8.694635769135106, "968.0": 8.91354815352884, "986.0": 8.95200668125829}, "bl_median": 7.288, "bl_sigma": 2.1379092, "target_history": {"826.0": {"initial_kurt": 52.828}, "828.0": {"initial_kurt": 0}, "830.0": {"initial_kurt": 0}, "832.0": {"initial_kurt": 75.158}, "834.0": {"initial_kurt": 0}, "878.0": {"initial_kurt": 0}}, "total_cycles": 2484, "total_migrations": 168, "start_time": "2026-03-15T15:04:52.007804", "last_update": "2026-03-15T21:56:56.384271+00:00"}