{"baseline": {"400.0": 4.099546255384902, "406.0": 3.535, "412.0": 3.642, "418.0": 3.336836049232252, "424.0": 3.112, "430.0": 2.883, "436.0": 2.5715582925212503, "442.0": 2.714, "448.0": 2.588, "454.0": 2.5091013041132952, "460.0": 3.372, "466.0": 2.293, "472.0": 2.443359947414069, "478.0": 2.829, "484.0": 2.677, "490.0": 3.243329110875089, "496.0": 2.815, "502.0": 5.506, "508.0": 3.615798851448956, "514.0": 2.765, "520.0": 3.534, "526.0": 3.3796180393912305, "532.0": 3.289, "538.0": 3.28, "544.0": 3.5865562926154477, "550.0": 3.11, "556.0": 5.16, "562.0": 5.147083166968857, "568.0": 5.154, "574.0": 5.115, "580.0": 5.061853349858554, "586.0": 4.332, "592.0": 3.884, "598.0": 3.6573557965771952, "604.0": 4.157, "610.0": 4.432, "616.0": 5.941899037557999, "622.0": 8.22, "628.0": 45.234, "634.0": 40.13089233831169, "640.0": 5.876, "646.0": 24.588, "652.0": 9.674748640511321, "658.0": 5.638, "664.0": 5.449, "670.0": 7.3220739057747934, "676.0": 6.44, "682.0": 6.28, "688.0": 7.493359406289021, "694.0": 7.288, "700.0": 7.244, "706.0": 7.537560803490435, "712.0": 7.245, "718.0": 7.432, "724.0": 7.470749465526297, "730.0": 7.001, "736.0": 7.947, "742.0": 6.64015055778994, "748.0": 5.262, "754.0": 6.016, "760.0": 5.812171695804302, "766.0": 7.927, "772.0": 7.829, "778.0": 8.16001400950341, "784.0": 8.554, "790.0": 8.351, "796.0": 8.149674187238093, "802.0": 8.394, "808.0": 8.639, "814.0": 8.617474142011918, "820.0": 8.679, "826.0": 52.828, "832.0": 13.738667195196024, "838.0": 8.649, "844.0": 8.466, "850.0": 7.2885970626978445, "856.0": 8.565, "862.0": 8.356, "868.0": 7.45016747262613, "874.0": 15.039, "880.0": 10.035, "886.0": 6.073725476405176, "892.0": 8.238, "898.0": 8.503, "904.0": 8.406818943970514, "910.0": 8.647, "916.0": 8.502, "922.0": 8.263379570727134, "928.0": 8.537, "934.0": 8.45, "940.0": 8.639179592647793, "946.0": 8.565, "952.0": 8.701, "958.0": 8.825985499607222, "964.0": 8.482, "970.0": 8.73, "976.0": 8.855333409670264, "982.0": 8.696, "988.0": 9.084, "994.0": 8.889600167791565, "1000.0": 8.706, "50.0": 26.176901587695106, "68.0": 11.707092363476091, "86.0": 13.439236436508375, "104.0": 2.49797482642189, "122.0": 23.331135962875614, "140.0": 20.983370368801772, "158.0": 13.257682439830269, "176.0": 11.017217307074933, "194.0": 16.611640557417505, "212.0": 7.251983692729223, "230.0": 7.499425698805814, "248.0": 6.551416950164686, "266.0": 3.6760949362969617, "284.0": 3.4254671488039174, "302.0": 4.564740616595533, "320.0": 4.713902969500971, "338.0": 4.342202328153654, "356.0": 4.110256792871662, "374.0": 4.18129601611989, "392.0": 4.850686270854611, "410.0": 3.468336992092732, "428.0": 3.1447235099944804, "446.0": 3.3049081803872182, "464.0": 2.5469405217909173, "482.0": 3.019886242959606, "500.0": 3.497294936381271, "518.0": 3.1334231993610095, "536.0": 3.1172274415898014, "554.0": 3.583076074471618, "572.0": 5.004726235288899, "590.0": 4.612144221808831, "608.0": 3.7366189859937196, "626.0": 43.67283618228919, "644.0": 13.664815880739239, "662.0": 6.5118854058123565, "680.0": 7.820808910095542, "698.0": 7.65336805558861, "716.0": 7.525845244670455, "734.0": 6.81466521714816, "752.0": 6.864885456416589, "770.0": 8.472813859010333, "788.0": 8.450373830000508, "806.0": 6.98208702667559, "824.0": 36.42898582326488, "842.0": 8.576158880927569, "860.0": 4.8501066593730044, "878.0": 15.601468965008785, "896.0": 8.706784158401453, "914.0": 10.416148238052658, "932.0": 7.030369406340946, "950.0": 8.633112671570267, "968.0": 8.835835030342189, "986.0": 8.879921046583744}, "bl_median": 7.288, "bl_sigma": 2.1379092, "target_history": {"826.0": {"initial_kurt": 52.828}, "828.0": {"initial_kurt": 0}, "830.0": {"initial_kurt": 0}, "832.0": {"initial_kurt": 75.158}, "834.0": {"initial_kurt": 0}, "878.0": {"initial_kurt": 0}}, "total_cycles": 1297, "total_migrations": 70, "start_time": "2026-03-13T20:49:58.159901", "last_update": "2026-03-14T01:57:18.720163+00:00"}