{"baseline": {"400.0": 4.099546255384902, "406.0": 3.535, "412.0": 3.642, "418.0": 3.336836049232252, "424.0": 3.112, "430.0": 2.883, "436.0": 2.5715582925212503, "442.0": 2.714, "448.0": 2.588, "454.0": 2.5091013041132952, "460.0": 3.372, "466.0": 2.293, "472.0": 2.443359947414069, "478.0": 2.829, "484.0": 2.677, "490.0": 3.243329110875089, "496.0": 2.815, "502.0": 5.506, "508.0": 3.615798851448956, "514.0": 2.765, "520.0": 3.534, "526.0": 3.3796180393912305, "532.0": 3.289, "538.0": 3.28, "544.0": 3.5865562926154477, "550.0": 3.11, "556.0": 5.16, "562.0": 5.147083166968857, "568.0": 5.154, "574.0": 5.115, "580.0": 5.061853349858554, "586.0": 4.332, "592.0": 3.884, "598.0": 3.6573557965771952, "604.0": 4.157, "610.0": 4.432, "616.0": 5.941899037557999, "622.0": 8.22, "628.0": 45.234, "634.0": 40.13089233831169, "640.0": 5.876, "646.0": 24.588, "652.0": 9.674748640511321, "658.0": 5.638, "664.0": 5.449, "670.0": 7.3220739057747934, "676.0": 6.44, "682.0": 6.28, "688.0": 7.493359406289021, "694.0": 7.288, "700.0": 7.244, "706.0": 7.537560803490435, "712.0": 7.245, "718.0": 7.432, "724.0": 7.470749465526297, "730.0": 7.001, "736.0": 7.947, "742.0": 6.64015055778994, "748.0": 5.262, "754.0": 6.016, "760.0": 5.812171695804302, "766.0": 7.927, "772.0": 7.829, "778.0": 8.16001400950341, "784.0": 8.554, "790.0": 8.351, "796.0": 8.149674187238093, "802.0": 8.394, "808.0": 8.639, "814.0": 8.617474142011918, "820.0": 8.679, "826.0": 52.828, "832.0": 13.738667195196024, "838.0": 8.649, "844.0": 8.466, "850.0": 7.2885970626978445, "856.0": 8.565, "862.0": 8.356, "868.0": 7.45016747262613, "874.0": 15.039, "880.0": 10.035, "886.0": 6.073725476405176, "892.0": 8.238, "898.0": 8.503, "904.0": 8.406818943970514, "910.0": 8.647, "916.0": 8.502, "922.0": 8.263379570727134, "928.0": 8.537, "934.0": 8.45, "940.0": 8.639179592647793, "946.0": 8.565, "952.0": 8.701, "958.0": 8.825985499607222, "964.0": 8.482, "970.0": 8.73, "976.0": 8.855333409670264, "982.0": 8.696, "988.0": 9.084, "994.0": 8.889600167791565, "1000.0": 8.706, "50.0": 35.16182307901338, "68.0": 23.77274454613887, "86.0": 12.467867470287976, "104.0": 2.112003899344731, "122.0": 21.350018528175074, "140.0": 17.828444567697918, "158.0": 23.14281790852626, "176.0": 15.207842535519509, "194.0": 18.065686682192116, "212.0": 9.097882371035826, "230.0": 9.016795656938356, "248.0": 7.428981244116617, "266.0": 5.206890272648411, "284.0": 3.5732545379803233, "302.0": 6.059045446823916, "320.0": 6.4520735455864555, "338.0": 7.513445070949072, "356.0": 32.13908204214444, "374.0": 10.917607452768145, "392.0": 3.6938432518713706, "410.0": 3.43792740027964, "428.0": 2.446453622867317, "446.0": 2.792095809934741, "464.0": 2.0352676127741423, "482.0": 3.2650734761442224, "500.0": 3.152000007721371, "518.0": 3.195185344662746, "536.0": 3.5492695529324156, "554.0": 3.914159569433241, "572.0": 4.880729484876785, "590.0": 4.136844168469284, "608.0": 4.322106929262544, "626.0": 148.7076385239423, "644.0": 27.669431880430544, "662.0": 7.655549949625232, "680.0": 7.66148049691794, "698.0": 7.025043803197727, "716.0": 7.959734830293776, "734.0": 8.059211904757031, "752.0": 6.625356608239009, "770.0": 8.424641802841386, "788.0": 8.480177377114284, "806.0": 8.439269453978142, "824.0": 7.974003726510019, "842.0": 8.543792016403282, "860.0": 3.077078464518439, "878.0": 95.41088385428142, "896.0": 8.579775297665588, "914.0": 9.075529514825726, "932.0": 8.268627232062574, "950.0": 8.688378518740077, "968.0": 8.934478960384643, "986.0": 9.004165887415905}, "bl_median": 7.288, "bl_sigma": 2.1379092, "target_history": {"826.0": {"initial_kurt": 52.828}, "828.0": {"initial_kurt": 0}, "830.0": {"initial_kurt": 0}, "832.0": {"initial_kurt": 75.158}, "834.0": {"initial_kurt": 0}, "878.0": {"initial_kurt": 0}}, "total_cycles": 8755, "total_migrations": 142, "start_time": "2026-03-15T12:34:29.401415", "last_update": "2026-03-15T17:59:29.989654+00:00"}