{"baseline": {"400.0": 4.099546255384902, "406.0": 3.535, "412.0": 3.642, "418.0": 3.336836049232252, "424.0": 3.112, "430.0": 2.883, "436.0": 2.5715582925212503, "442.0": 2.714, "448.0": 2.588, "454.0": 2.5091013041132952, "460.0": 3.372, "466.0": 2.293, "472.0": 2.443359947414069, "478.0": 2.829, "484.0": 2.677, "490.0": 3.243329110875089, "496.0": 2.815, "502.0": 5.506, "508.0": 3.615798851448956, "514.0": 2.765, "520.0": 3.534, "526.0": 3.3796180393912305, "532.0": 3.289, "538.0": 3.28, "544.0": 3.5865562926154477, "550.0": 3.11, "556.0": 5.16, "562.0": 5.147083166968857, "568.0": 5.154, "574.0": 5.115, "580.0": 5.061853349858554, "586.0": 4.332, "592.0": 3.884, "598.0": 3.6573557965771952, "604.0": 4.157, "610.0": 4.432, "616.0": 5.941899037557999, "622.0": 8.22, "628.0": 45.234, "634.0": 40.13089233831169, "640.0": 5.876, "646.0": 24.588, "652.0": 9.674748640511321, "658.0": 5.638, "664.0": 5.449, "670.0": 7.3220739057747934, "676.0": 6.44, "682.0": 6.28, "688.0": 7.493359406289021, "694.0": 7.288, "700.0": 7.244, "706.0": 7.537560803490435, "712.0": 7.245, "718.0": 7.432, "724.0": 7.470749465526297, "730.0": 7.001, "736.0": 7.947, "742.0": 6.64015055778994, "748.0": 5.262, "754.0": 6.016, "760.0": 5.812171695804302, "766.0": 7.927, "772.0": 7.829, "778.0": 8.16001400950341, "784.0": 8.554, "790.0": 8.351, "796.0": 8.149674187238093, "802.0": 8.394, "808.0": 8.639, "814.0": 8.617474142011918, "820.0": 8.679, "826.0": 52.828, "832.0": 13.738667195196024, "838.0": 8.649, "844.0": 8.466, "850.0": 7.2885970626978445, "856.0": 8.565, "862.0": 8.356, "868.0": 7.45016747262613, "874.0": 15.039, "880.0": 10.035, "886.0": 6.073725476405176, "892.0": 8.238, "898.0": 8.503, "904.0": 8.406818943970514, "910.0": 8.647, "916.0": 8.502, "922.0": 8.263379570727134, "928.0": 8.537, "934.0": 8.45, "940.0": 8.639179592647793, "946.0": 8.565, "952.0": 8.701, "958.0": 8.825985499607222, "964.0": 8.482, "970.0": 8.73, "976.0": 8.855333409670264, "982.0": 8.696, "988.0": 9.084, "994.0": 8.889600167791565, "1000.0": 8.706, "50.0": 26.109064638869853, "68.0": 9.086011089688157, "86.0": 14.987183811996873, "104.0": 2.544312037316618, "122.0": 25.102282354516667, "140.0": 21.97897573885027, "158.0": 15.888051638343299, "176.0": 9.31009860882361, "194.0": 13.884980943539025, "212.0": 7.203270554355223, "230.0": 9.033190960343521, "248.0": 6.603112419997527, "266.0": 3.968583079377339, "284.0": 3.45435601423303, "302.0": 5.455238461142604, "320.0": 5.1738636739242, "338.0": 4.959950003704022, "356.0": 4.320887711427335, "374.0": 3.642389923995602, "392.0": 5.310360021059475, "410.0": 3.475523594575937, "428.0": 3.084246747755219, "446.0": 3.2282864937163147, "464.0": 2.4088809352721556, "482.0": 3.0804294741508684, "500.0": 3.230175163268107, "518.0": 3.052770699859569, "536.0": 2.6736593697369977, "554.0": 3.37757687051826, "572.0": 4.640060650774229, "590.0": 4.424589052628247, "608.0": 3.5831615207363128, "626.0": 133.76173594640218, "644.0": 17.409701029144106, "662.0": 6.84745535309616, "680.0": 7.134680401921226, "698.0": 6.824078474520565, "716.0": 7.944134996726886, "734.0": 8.335770216539535, "752.0": 5.682731170449535, "770.0": 8.484702464600172, "788.0": 8.529145262029827, "806.0": 8.548320399828889, "824.0": 8.194719826696119, "842.0": 8.52983043815584, "860.0": 3.7724502701646254, "878.0": 14.926631339795847, "896.0": 8.807790585832684, "914.0": 9.172819438335605, "932.0": 7.498407016984398, "950.0": 8.655785706176339, "968.0": 8.86485595644412, "986.0": 8.959668643072794}, "bl_median": 7.288, "bl_sigma": 2.1379092, "target_history": {"826.0": {"initial_kurt": 52.828}, "828.0": {"initial_kurt": 0}, "830.0": {"initial_kurt": 0}, "832.0": {"initial_kurt": 75.158}, "834.0": {"initial_kurt": 0}, "878.0": {"initial_kurt": 0}}, "total_cycles": 1417, "total_migrations": 96, "start_time": "2026-03-14T12:58:34.146669"}