{"baseline": {"400.0": 4.099546255384902, "406.0": 3.535, "412.0": 3.642, "418.0": 3.336836049232252, "424.0": 3.112, "430.0": 2.883, "436.0": 2.5715582925212503, "442.0": 2.714, "448.0": 2.588, "454.0": 2.5091013041132952, "460.0": 3.372, "466.0": 2.293, "472.0": 2.443359947414069, "478.0": 2.829, "484.0": 2.677, "490.0": 3.243329110875089, "496.0": 2.815, "502.0": 5.506, "508.0": 3.615798851448956, "514.0": 2.765, "520.0": 3.534, "526.0": 3.3796180393912305, "532.0": 3.289, "538.0": 3.28, "544.0": 3.5865562926154477, "550.0": 3.11, "556.0": 5.16, "562.0": 5.147083166968857, "568.0": 5.154, "574.0": 5.115, "580.0": 5.061853349858554, "586.0": 4.332, "592.0": 3.884, "598.0": 3.6573557965771952, "604.0": 4.157, "610.0": 4.432, "616.0": 5.941899037557999, "622.0": 8.22, "628.0": 45.234, "634.0": 40.13089233831169, "640.0": 5.876, "646.0": 24.588, "652.0": 9.674748640511321, "658.0": 5.638, "664.0": 5.449, "670.0": 7.3220739057747934, "676.0": 6.44, "682.0": 6.28, "688.0": 7.493359406289021, "694.0": 7.288, "700.0": 7.244, "706.0": 7.537560803490435, "712.0": 7.245, "718.0": 7.432, "724.0": 7.470749465526297, "730.0": 7.001, "736.0": 7.947, "742.0": 6.64015055778994, "748.0": 5.262, "754.0": 6.016, "760.0": 5.812171695804302, "766.0": 7.927, "772.0": 7.829, "778.0": 8.16001400950341, "784.0": 8.554, "790.0": 8.351, "796.0": 8.149674187238093, "802.0": 8.394, "808.0": 8.639, "814.0": 8.617474142011918, "820.0": 8.679, "826.0": 52.828, "832.0": 13.738667195196024, "838.0": 8.649, "844.0": 8.466, "850.0": 7.2885970626978445, "856.0": 8.565, "862.0": 8.356, "868.0": 7.45016747262613, "874.0": 15.039, "880.0": 10.035, "886.0": 6.073725476405176, "892.0": 8.238, "898.0": 8.503, "904.0": 8.406818943970514, "910.0": 8.647, "916.0": 8.502, "922.0": 8.263379570727134, "928.0": 8.537, "934.0": 8.45, "940.0": 8.639179592647793, "946.0": 8.565, "952.0": 8.701, "958.0": 8.825985499607222, "964.0": 8.482, "970.0": 8.73, "976.0": 8.855333409670264, "982.0": 8.696, "988.0": 9.084, "994.0": 8.889600167791565, "1000.0": 8.706, "50.0": 24.40724046937807, "68.0": 8.704469148717818, "86.0": 13.726640012570527, "104.0": 2.6018237230742445, "122.0": 24.993606689906215, "140.0": 21.620943798593125, "158.0": 17.145554616172547, "176.0": 9.07708049262511, "194.0": 14.303152450555904, "212.0": 7.054640686186391, "230.0": 9.00666733977064, "248.0": 6.558614683613307, "266.0": 3.9607310585907944, "284.0": 3.4548689551386476, "302.0": 5.3691023099213036, "320.0": 5.140844667279555, "338.0": 4.969740748145784, "356.0": 4.238062960982206, "374.0": 3.631450590255544, "392.0": 5.241764587270508, "410.0": 3.454359042305555, "428.0": 3.0529885066277798, "446.0": 3.246798630843236, "464.0": 2.433997072680819, "482.0": 3.0650072938791206, "500.0": 3.5085826585278896, "518.0": 3.079686898224574, "536.0": 2.6894023371873472, "554.0": 3.4111551214131257, "572.0": 4.653571040086786, "590.0": 4.444773662561785, "608.0": 3.600292612965406, "626.0": 227.60061426281712, "644.0": 13.132125655117699, "662.0": 6.7642990694650456, "680.0": 7.096471013707126, "698.0": 6.7888153064402665, "716.0": 7.958949742828011, "734.0": 10.077459537715818, "752.0": 6.744080508392059, "770.0": 8.505019187109394, "788.0": 8.490160233387606, "806.0": 8.3995005480001, "824.0": 8.157841261267711, "842.0": 8.45156802839513, "860.0": 2.8577769640918125, "878.0": 21.69879853571299, "896.0": 8.743888189328812, "914.0": 9.115075830975782, "932.0": 8.132706458789883, "950.0": 8.542574316443076, "968.0": 8.827924372154015, "986.0": 8.965472643458863}, "bl_median": 7.288, "bl_sigma": 2.1379092, "target_history": {"826.0": {"initial_kurt": 52.828}, "828.0": {"initial_kurt": 0}, "830.0": {"initial_kurt": 0}, "832.0": {"initial_kurt": 75.158}, "834.0": {"initial_kurt": 0}, "878.0": {"initial_kurt": 0}}, "total_cycles": 1395, "total_migrations": 90, "start_time": "2026-03-14T07:52:51.647442"}