{"baseline": {"400.0": 4.099546255384902, "406.0": 3.535, "412.0": 3.642, "418.0": 3.336836049232252, "424.0": 3.112, "430.0": 2.883, "436.0": 2.5715582925212503, "442.0": 2.714, "448.0": 2.588, "454.0": 2.5091013041132952, "460.0": 3.372, "466.0": 2.293, "472.0": 2.443359947414069, "478.0": 2.829, "484.0": 2.677, "490.0": 3.243329110875089, "496.0": 2.815, "502.0": 5.506, "508.0": 3.615798851448956, "514.0": 2.765, "520.0": 3.534, "526.0": 3.3796180393912305, "532.0": 3.289, "538.0": 3.28, "544.0": 3.5865562926154477, "550.0": 3.11, "556.0": 5.16, "562.0": 5.147083166968857, "568.0": 5.154, "574.0": 5.115, "580.0": 5.061853349858554, "586.0": 4.332, "592.0": 3.884, "598.0": 3.6573557965771952, "604.0": 4.157, "610.0": 4.432, "616.0": 5.941899037557999, "622.0": 8.22, "628.0": 45.234, "634.0": 40.13089233831169, "640.0": 5.876, "646.0": 24.588, "652.0": 9.674748640511321, "658.0": 5.638, "664.0": 5.449, "670.0": 7.3220739057747934, "676.0": 6.44, "682.0": 6.28, "688.0": 7.493359406289021, "694.0": 7.288, "700.0": 7.244, "706.0": 7.537560803490435, "712.0": 7.245, "718.0": 7.432, "724.0": 7.470749465526297, "730.0": 7.001, "736.0": 7.947, "742.0": 6.64015055778994, "748.0": 5.262, "754.0": 6.016, "760.0": 5.812171695804302, "766.0": 7.927, "772.0": 7.829, "778.0": 8.16001400950341, "784.0": 8.554, "790.0": 8.351, "796.0": 8.149674187238093, "802.0": 8.394, "808.0": 8.639, "814.0": 8.617474142011918, "820.0": 8.679, "826.0": 52.828, "832.0": 13.738667195196024, "838.0": 8.649, "844.0": 8.466, "850.0": 7.2885970626978445, "856.0": 8.565, "862.0": 8.356, "868.0": 7.45016747262613, "874.0": 15.039, "880.0": 10.035, "886.0": 6.073725476405176, "892.0": 8.238, "898.0": 8.503, "904.0": 8.406818943970514, "910.0": 8.647, "916.0": 8.502, "922.0": 8.263379570727134, "928.0": 8.537, "934.0": 8.45, "940.0": 8.639179592647793, "946.0": 8.565, "952.0": 8.701, "958.0": 8.825985499607222, "964.0": 8.482, "970.0": 8.73, "976.0": 8.855333409670264, "982.0": 8.696, "988.0": 9.084, "994.0": 8.889600167791565, "1000.0": 8.706, "50.0": 16.33726520717341, "68.0": 7.724147922033369, "86.0": 11.238485283669796, "104.0": 2.6068953836958184, "122.0": 24.89641318161687, "140.0": 21.106266488480703, "158.0": 13.81684618519812, "176.0": 6.179886814830053, "194.0": 16.101234756698048, "212.0": 6.7974228580450315, "230.0": 7.6941373522087515, "248.0": 6.286986504166366, "266.0": 3.7246196103034683, "284.0": 3.456757348902155, "302.0": 5.132942123497867, "320.0": 4.807520958028842, "338.0": 5.104263570273326, "356.0": 4.1409248007837665, "374.0": 3.6307800917883135, "392.0": 5.4132569076039445, "410.0": 3.348799404627339, "428.0": 2.935261760836095, "446.0": 3.003228282754374, "464.0": 2.658983132037548, "482.0": 3.1106000197246897, "500.0": 3.568940948482628, "518.0": 3.0602722358860355, "536.0": 4.0096926827876755, "554.0": 4.430148265922918, "572.0": 5.339783293587419, "590.0": 4.762582140310245, "608.0": 4.2489997732188005, "626.0": 139.318364951692, "644.0": 19.23815844212516, "662.0": 7.046642653422028, "680.0": 7.04724940728597, "698.0": 6.830032492112585, "716.0": 7.763854030029306, "734.0": 7.3602907001163755, "752.0": 6.070136596478919, "770.0": 8.15055149815456, "788.0": 8.269294153854668, "806.0": 7.736983474027351, "824.0": 7.73113685982337, "842.0": 7.822000679012671, "860.0": 3.550192234411531, "878.0": 11.67200264341253, "896.0": 8.4332167777469, "914.0": 8.618692250217274, "932.0": 6.297358681091909, "950.0": 8.55358727326823, "968.0": 8.69895667043482, "986.0": 8.775755211874683}, "bl_median": 7.288, "bl_sigma": 2.1379092, "target_history": {"826.0": {"initial_kurt": 52.828}, "828.0": {"initial_kurt": 0}, "830.0": {"initial_kurt": 0}, "832.0": {"initial_kurt": 75.158}, "834.0": {"initial_kurt": 0}, "878.0": {"initial_kurt": 0}}, "total_cycles": 1451, "total_migrations": 104, "start_time": "2026-03-14T20:00:50.146758", "last_update": "2026-03-15T01:59:45.499532+00:00"}