{"baseline": {"400.0": 4.4820407561972315, "406.0": 3.535, "412.0": 3.642, "418.0": 3.498151563255673, "424.0": 3.112, "430.0": 2.883, "436.0": 2.706468624476822, "442.0": 2.714, "448.0": 2.588, "454.0": 2.5942502152138083, "460.0": 3.372, "466.0": 2.293, "472.0": 2.5129604136624706, "478.0": 2.829, "484.0": 2.677, "490.0": 3.305722821905375, "496.0": 2.815, "502.0": 5.506, "508.0": 3.394421061217355, "514.0": 2.765, "520.0": 3.534, "526.0": 3.4054828958790226, "532.0": 3.289, "538.0": 3.28, "544.0": 3.434321378225032, "550.0": 3.11, "556.0": 5.16, "562.0": 5.754298807567561, "568.0": 5.154, "574.0": 5.115, "580.0": 5.373078113029386, "586.0": 4.332, "592.0": 3.884, "598.0": 3.722119836844446, "604.0": 4.157, "610.0": 4.432, "616.0": 7.723506618557716, "622.0": 8.22, "628.0": 45.234, "634.0": 41.239702122680505, "640.0": 5.876, "646.0": 24.588, "652.0": 8.805607366024388, "658.0": 5.638, "664.0": 5.449, "670.0": 6.497664460210269, "676.0": 6.44, "682.0": 6.28, "688.0": 7.143115189222737, "694.0": 7.288, "700.0": 7.244, "706.0": 7.471127741468938, "712.0": 7.245, "718.0": 7.432, "724.0": 7.56402462172252, "730.0": 7.001, "736.0": 7.947, "742.0": 5.9413527353646245, "748.0": 5.262, "754.0": 6.016, "760.0": 6.36396247826597, "766.0": 7.927, "772.0": 7.829, "778.0": 7.97838886239711, "784.0": 8.554, "790.0": 8.351, "796.0": 8.00664849926026, "802.0": 8.394, "808.0": 8.639, "814.0": 8.461618643920076, "820.0": 8.679, "826.0": 52.828, "832.0": 32.76688995426663, "838.0": 8.649, "844.0": 8.466, "850.0": 6.75582327329613, "856.0": 8.565, "862.0": 8.356, "868.0": 7.508249197481602, "874.0": 15.039, "880.0": 10.035, "886.0": 6.880381366154504, "892.0": 8.238, "898.0": 8.503, "904.0": 8.394105496346738, "910.0": 8.647, "916.0": 8.502, "922.0": 8.134686162849096, "928.0": 8.537, "934.0": 8.45, "940.0": 8.657133235228057, "946.0": 8.565, "952.0": 8.701, "958.0": 8.745767570685521, "964.0": 8.482, "970.0": 8.73, "976.0": 8.807834824160611, "982.0": 8.696, "988.0": 9.084, "994.0": 8.820552691377472, "1000.0": 8.706}, "bl_median": 7.288, "bl_sigma": 2.1379092, "target_history": {"826.0": {"initial_kurt": 52.828}, "828.0": {"initial_kurt": 0}, "830.0": {"initial_kurt": 0}, "832.0": {"initial_kurt": 75.158}, "834.0": {"initial_kurt": 0}, "878.0": {"initial_kurt": 0}}, "total_cycles": 1179, "total_migrations": 63, "start_time": "2026-03-13T14:58:44.043352"}