{"baseline": {"400.0": 4.099546255384902, "406.0": 3.535, "412.0": 3.642, "418.0": 3.336836049232252, "424.0": 3.112, "430.0": 2.883, "436.0": 2.5715582925212503, "442.0": 2.714, "448.0": 2.588, "454.0": 2.5091013041132952, "460.0": 3.372, "466.0": 2.293, "472.0": 2.443359947414069, "478.0": 2.829, "484.0": 2.677, "490.0": 3.243329110875089, "496.0": 2.815, "502.0": 5.506, "508.0": 3.615798851448956, "514.0": 2.765, "520.0": 3.534, "526.0": 3.3796180393912305, "532.0": 3.289, "538.0": 3.28, "544.0": 3.5865562926154477, "550.0": 3.11, "556.0": 5.16, "562.0": 5.147083166968857, "568.0": 5.154, "574.0": 5.115, "580.0": 5.061853349858554, "586.0": 4.332, "592.0": 3.884, "598.0": 3.6573557965771952, "604.0": 4.157, "610.0": 4.432, "616.0": 5.941899037557999, "622.0": 8.22, "628.0": 45.234, "634.0": 40.13089233831169, "640.0": 5.876, "646.0": 24.588, "652.0": 9.674748640511321, "658.0": 5.638, "664.0": 5.449, "670.0": 7.3220739057747934, "676.0": 6.44, "682.0": 6.28, "688.0": 7.493359406289021, "694.0": 7.288, "700.0": 7.244, "706.0": 7.537560803490435, "712.0": 7.245, "718.0": 7.432, "724.0": 7.470749465526297, "730.0": 7.001, "736.0": 7.947, "742.0": 6.64015055778994, "748.0": 5.262, "754.0": 6.016, "760.0": 5.812171695804302, "766.0": 7.927, "772.0": 7.829, "778.0": 8.16001400950341, "784.0": 8.554, "790.0": 8.351, "796.0": 8.149674187238093, "802.0": 8.394, "808.0": 8.639, "814.0": 8.617474142011918, "820.0": 8.679, "826.0": 52.828, "832.0": 13.738667195196024, "838.0": 8.649, "844.0": 8.466, "850.0": 7.2885970626978445, "856.0": 8.565, "862.0": 8.356, "868.0": 7.45016747262613, "874.0": 15.039, "880.0": 10.035, "886.0": 6.073725476405176, "892.0": 8.238, "898.0": 8.503, "904.0": 8.406818943970514, "910.0": 8.647, "916.0": 8.502, "922.0": 8.263379570727134, "928.0": 8.537, "934.0": 8.45, "940.0": 8.639179592647793, "946.0": 8.565, "952.0": 8.701, "958.0": 8.825985499607222, "964.0": 8.482, "970.0": 8.73, "976.0": 8.855333409670264, "982.0": 8.696, "988.0": 9.084, "994.0": 8.889600167791565, "1000.0": 8.706, "50.0": 12.10999323001144, "68.0": 7.031871769945399, "86.0": 9.484102872897767, "104.0": 2.5191924855036794, "122.0": 24.352280849407848, "140.0": 14.470443959151588, "158.0": 14.847941168150497, "176.0": 8.306472866946724, "194.0": 17.908747348922326, "212.0": 6.698995502312529, "230.0": 8.492655607035363, "248.0": 6.54301767376538, "266.0": 3.895697465366432, "284.0": 3.493476054068223, "302.0": 5.035266480999962, "320.0": 4.9352563708398725, "338.0": 5.6796946195937394, "356.0": 4.072433672146354, "374.0": 3.6179527110097647, "392.0": 4.773754924102552, "410.0": 3.443540862958732, "428.0": 3.043564639231656, "446.0": 3.2007288913558534, "464.0": 2.684918774138416, "482.0": 2.946086532002839, "500.0": 3.109738773074814, "518.0": 3.1143568820858034, "536.0": 2.7581537547289203, "554.0": 3.4539494378434195, "572.0": 4.799199063050523, "590.0": 4.720670466969466, "608.0": 3.721970057751692, "626.0": 178.97054473666878, "644.0": 15.392410973078576, "662.0": 6.362694348771829, "680.0": 6.91446093663913, "698.0": 6.705904644226759, "716.0": 8.076669296756215, "734.0": 9.896157124484102, "752.0": 7.255761688995356, "770.0": 8.392454684875519, "788.0": 8.406816059452689, "806.0": 8.124445076535945, "824.0": 8.138130485605657, "842.0": 8.263506307219949, "860.0": 2.8121991642213184, "878.0": 16.805340796213635, "896.0": 8.64556281572297, "914.0": 8.68319886410619, "932.0": 7.093410540413649, "950.0": 8.659107212628117, "968.0": 8.778115784506621, "986.0": 8.822414715004042}, "bl_median": 7.288, "bl_sigma": 2.1379092, "target_history": {"826.0": {"initial_kurt": 52.828}, "828.0": {"initial_kurt": 0}, "830.0": {"initial_kurt": 0}, "832.0": {"initial_kurt": 75.158}, "834.0": {"initial_kurt": 0}, "878.0": {"initial_kurt": 0}}, "total_cycles": 1360, "total_migrations": 84, "start_time": "2026-03-14T01:56:10.233969"}