{"baseline": {"400.0": 4.099546255384902, "406.0": 3.535, "412.0": 3.642, "418.0": 3.336836049232252, "424.0": 3.112, "430.0": 2.883, "436.0": 2.5715582925212503, "442.0": 2.714, "448.0": 2.588, "454.0": 2.5091013041132952, "460.0": 3.372, "466.0": 2.293, "472.0": 2.443359947414069, "478.0": 2.829, "484.0": 2.677, "490.0": 3.243329110875089, "496.0": 2.815, "502.0": 5.506, "508.0": 3.615798851448956, "514.0": 2.765, "520.0": 3.534, "526.0": 3.3796180393912305, "532.0": 3.289, "538.0": 3.28, "544.0": 3.5865562926154477, "550.0": 3.11, "556.0": 5.16, "562.0": 5.147083166968857, "568.0": 5.154, "574.0": 5.115, "580.0": 5.061853349858554, "586.0": 4.332, "592.0": 3.884, "598.0": 3.6573557965771952, "604.0": 4.157, "610.0": 4.432, "616.0": 5.941899037557999, "622.0": 8.22, "628.0": 45.234, "634.0": 40.13089233831169, "640.0": 5.876, "646.0": 24.588, "652.0": 9.674748640511321, "658.0": 5.638, "664.0": 5.449, "670.0": 7.3220739057747934, "676.0": 6.44, "682.0": 6.28, "688.0": 7.493359406289021, "694.0": 7.288, "700.0": 7.244, "706.0": 7.537560803490435, "712.0": 7.245, "718.0": 7.432, "724.0": 7.470749465526297, "730.0": 7.001, "736.0": 7.947, "742.0": 6.64015055778994, "748.0": 5.262, "754.0": 6.016, "760.0": 5.812171695804302, "766.0": 7.927, "772.0": 7.829, "778.0": 8.16001400950341, "784.0": 8.554, "790.0": 8.351, "796.0": 8.149674187238093, "802.0": 8.394, "808.0": 8.639, "814.0": 8.617474142011918, "820.0": 8.679, "826.0": 52.828, "832.0": 13.738667195196024, "838.0": 8.649, "844.0": 8.466, "850.0": 7.2885970626978445, "856.0": 8.565, "862.0": 8.356, "868.0": 7.45016747262613, "874.0": 15.039, "880.0": 10.035, "886.0": 6.073725476405176, "892.0": 8.238, "898.0": 8.503, "904.0": 8.406818943970514, "910.0": 8.647, "916.0": 8.502, "922.0": 8.263379570727134, "928.0": 8.537, "934.0": 8.45, "940.0": 8.639179592647793, "946.0": 8.565, "952.0": 8.701, "958.0": 8.825985499607222, "964.0": 8.482, "970.0": 8.73, "976.0": 8.855333409670264, "982.0": 8.696, "988.0": 9.084, "994.0": 8.889600167791565, "1000.0": 8.706, "50.0": 18.90367910165143, "68.0": 8.528583242820181, "86.0": 11.301749005128066, "104.0": 2.561503834920473, "122.0": 24.965811540526524, "140.0": 21.023966543680793, "158.0": 16.250019386601416, "176.0": 8.294102763961604, "194.0": 14.726773410613276, "212.0": 7.000474571343082, "230.0": 8.654997840474385, "248.0": 6.476745772782692, "266.0": 3.8750840902486825, "284.0": 3.472045747796427, "302.0": 5.3846534411327, "320.0": 5.059042731470381, "338.0": 5.044673623097968, "356.0": 4.1431276736526925, "374.0": 3.6205920655783412, "392.0": 4.918705219606298, "410.0": 3.4573791100010545, "428.0": 3.056229937447106, "446.0": 3.2182224460229993, "464.0": 2.5604348424237706, "482.0": 3.0278101800441024, "500.0": 3.954320228904605, "518.0": 3.0989416321451375, "536.0": 2.693013819227143, "554.0": 3.4485231917413572, "572.0": 4.6769543298411715, "590.0": 4.4907704679007505, "608.0": 3.6042848781261663, "626.0": 238.95158367393736, "644.0": 13.350844979393116, "662.0": 6.474191941546959, "680.0": 6.890394198400488, "698.0": 6.726111995317505, "716.0": 7.984870359359796, "734.0": 11.130266061342214, "752.0": 6.930032972680391, "770.0": 8.442650589671874, "788.0": 8.385944112802362, "806.0": 8.204907269178308, "824.0": 8.011662625508704, "842.0": 8.257933751162131, "860.0": 2.9915111171841895, "878.0": 24.37128355972802, "896.0": 8.587412970513348, "914.0": 9.87425953998566, "932.0": 7.575239523461789, "950.0": 8.560622907099601, "968.0": 8.799345362909712, "986.0": 8.883184269565717}, "bl_median": 7.288, "bl_sigma": 2.1379092, "target_history": {"826.0": {"initial_kurt": 52.828}, "828.0": {"initial_kurt": 0}, "830.0": {"initial_kurt": 0}, "832.0": {"initial_kurt": 75.158}, "834.0": {"initial_kurt": 0}, "878.0": {"initial_kurt": 0}}, "total_cycles": 1384, "total_migrations": 90, "start_time": "2026-03-14T05:50:34.404179", "last_update": "2026-03-14T10:58:13.090895+00:00"}