{"baseline": {"400.0": 4.099546255384902, "406.0": 3.535, "412.0": 3.642, "418.0": 3.336836049232252, "424.0": 3.112, "430.0": 2.883, "436.0": 2.5715582925212503, "442.0": 2.714, "448.0": 2.588, "454.0": 2.5091013041132952, "460.0": 3.372, "466.0": 2.293, "472.0": 2.443359947414069, "478.0": 2.829, "484.0": 2.677, "490.0": 3.243329110875089, "496.0": 2.815, "502.0": 5.506, "508.0": 3.615798851448956, "514.0": 2.765, "520.0": 3.534, "526.0": 3.3796180393912305, "532.0": 3.289, "538.0": 3.28, "544.0": 3.5865562926154477, "550.0": 3.11, "556.0": 5.16, "562.0": 5.147083166968857, "568.0": 5.154, "574.0": 5.115, "580.0": 5.061853349858554, "586.0": 4.332, "592.0": 3.884, "598.0": 3.6573557965771952, "604.0": 4.157, "610.0": 4.432, "616.0": 5.941899037557999, "622.0": 8.22, "628.0": 45.234, "634.0": 40.13089233831169, "640.0": 5.876, "646.0": 24.588, "652.0": 9.674748640511321, "658.0": 5.638, "664.0": 5.449, "670.0": 7.3220739057747934, "676.0": 6.44, "682.0": 6.28, "688.0": 7.493359406289021, "694.0": 7.288, "700.0": 7.244, "706.0": 7.537560803490435, "712.0": 7.245, "718.0": 7.432, "724.0": 7.470749465526297, "730.0": 7.001, "736.0": 7.947, "742.0": 6.64015055778994, "748.0": 5.262, "754.0": 6.016, "760.0": 5.812171695804302, "766.0": 7.927, "772.0": 7.829, "778.0": 8.16001400950341, "784.0": 8.554, "790.0": 8.351, "796.0": 8.149674187238093, "802.0": 8.394, "808.0": 8.639, "814.0": 8.617474142011918, "820.0": 8.679, "826.0": 52.828, "832.0": 13.738667195196024, "838.0": 8.649, "844.0": 8.466, "850.0": 7.2885970626978445, "856.0": 8.565, "862.0": 8.356, "868.0": 7.45016747262613, "874.0": 15.039, "880.0": 10.035, "886.0": 6.073725476405176, "892.0": 8.238, "898.0": 8.503, "904.0": 8.406818943970514, "910.0": 8.647, "916.0": 8.502, "922.0": 8.263379570727134, "928.0": 8.537, "934.0": 8.45, "940.0": 8.639179592647793, "946.0": 8.565, "952.0": 8.701, "958.0": 8.825985499607222, "964.0": 8.482, "970.0": 8.73, "976.0": 8.855333409670264, "982.0": 8.696, "988.0": 9.084, "994.0": 8.889600167791565, "1000.0": 8.706, "50.0": 28.476469921505807, "68.0": 15.235443298241444, "86.0": 10.162221064134993, "104.0": 2.501010334023452, "122.0": 12.22462247738794, "140.0": 21.51244258958065, "158.0": 23.25805729111483, "176.0": 16.426461079099745, "194.0": 16.653844381292178, "212.0": 11.683471685691828, "230.0": 9.059751309834066, "248.0": 7.44090664887581, "266.0": 4.874959961164721, "284.0": 3.5167142906989732, "302.0": 6.389885635093059, "320.0": 7.107617447134306, "338.0": 8.183688789220097, "356.0": 26.396375373530105, "374.0": 7.719003910423223, "392.0": 3.2583952179665423, "410.0": 5.097731971522418, "428.0": 2.5479775833609226, "446.0": 2.755134240353606, "464.0": 2.1858901429226476, "482.0": 3.297813416573076, "500.0": 3.110741388150596, "518.0": 3.309580730914856, "536.0": 3.225120398861294, "554.0": 4.100510065847946, "572.0": 5.078875445048376, "590.0": 4.225934191813133, "608.0": 4.353979401514911, "626.0": 53.811519336031196, "644.0": 26.77760403078699, "662.0": 7.230421090105686, "680.0": 7.477497288566261, "698.0": 7.452129852542646, "716.0": 7.968837478781587, "734.0": 7.358448359102096, "752.0": 6.000649598908479, "770.0": 8.437961082665796, "788.0": 8.439811452810362, "806.0": 8.586596699876207, "824.0": 7.674094644000734, "842.0": 9.434396498106388, "860.0": 3.816154385440099, "878.0": 25.1650249094891, "896.0": 8.659386042056441, "914.0": 8.697567899388234, "932.0": 7.083291869431092, "950.0": 8.780024646893358, "968.0": 8.941769685891495, "986.0": 8.96903346482184}, "bl_median": 7.288, "bl_sigma": 2.1379092, "target_history": {"826.0": {"initial_kurt": 52.828}, "828.0": {"initial_kurt": 0}, "830.0": {"initial_kurt": 0}, "832.0": {"initial_kurt": 75.158}, "834.0": {"initial_kurt": 0}, "878.0": {"initial_kurt": 0}}, "total_cycles": 18236, "total_migrations": 146, "start_time": "2026-03-15T14:56:29.787423"}