{"baseline": {"400.0": 4.099546255384902, "406.0": 3.535, "412.0": 3.642, "418.0": 3.336836049232252, "424.0": 3.112, "430.0": 2.883, "436.0": 2.5715582925212503, "442.0": 2.714, "448.0": 2.588, "454.0": 2.5091013041132952, "460.0": 3.372, "466.0": 2.293, "472.0": 2.443359947414069, "478.0": 2.829, "484.0": 2.677, "490.0": 3.243329110875089, "496.0": 2.815, "502.0": 5.506, "508.0": 3.615798851448956, "514.0": 2.765, "520.0": 3.534, "526.0": 3.3796180393912305, "532.0": 3.289, "538.0": 3.28, "544.0": 3.5865562926154477, "550.0": 3.11, "556.0": 5.16, "562.0": 5.147083166968857, "568.0": 5.154, "574.0": 5.115, "580.0": 5.061853349858554, "586.0": 4.332, "592.0": 3.884, "598.0": 3.6573557965771952, "604.0": 4.157, "610.0": 4.432, "616.0": 5.941899037557999, "622.0": 8.22, "628.0": 45.234, "634.0": 40.13089233831169, "640.0": 5.876, "646.0": 24.588, "652.0": 9.674748640511321, "658.0": 5.638, "664.0": 5.449, "670.0": 7.3220739057747934, "676.0": 6.44, "682.0": 6.28, "688.0": 7.493359406289021, "694.0": 7.288, "700.0": 7.244, "706.0": 7.537560803490435, "712.0": 7.245, "718.0": 7.432, "724.0": 7.470749465526297, "730.0": 7.001, "736.0": 7.947, "742.0": 6.64015055778994, "748.0": 5.262, "754.0": 6.016, "760.0": 5.812171695804302, "766.0": 7.927, "772.0": 7.829, "778.0": 8.16001400950341, "784.0": 8.554, "790.0": 8.351, "796.0": 8.149674187238093, "802.0": 8.394, "808.0": 8.639, "814.0": 8.617474142011918, "820.0": 8.679, "826.0": 52.828, "832.0": 13.738667195196024, "838.0": 8.649, "844.0": 8.466, "850.0": 7.2885970626978445, "856.0": 8.565, "862.0": 8.356, "868.0": 7.45016747262613, "874.0": 15.039, "880.0": 10.035, "886.0": 6.073725476405176, "892.0": 8.238, "898.0": 8.503, "904.0": 8.406818943970514, "910.0": 8.647, "916.0": 8.502, "922.0": 8.263379570727134, "928.0": 8.537, "934.0": 8.45, "940.0": 8.639179592647793, "946.0": 8.565, "952.0": 8.701, "958.0": 8.825985499607222, "964.0": 8.482, "970.0": 8.73, "976.0": 8.855333409670264, "982.0": 8.696, "988.0": 9.084, "994.0": 8.889600167791565, "1000.0": 8.706, "50.0": 20.367659400460745, "68.0": 8.6452746341476, "86.0": 12.841735021034268, "104.0": 2.568598406533971, "122.0": 24.97521365290896, "140.0": 21.46867171094027, "158.0": 16.967167142834843, "176.0": 8.81033980698252, "194.0": 14.350643839109729, "212.0": 6.97822902366914, "230.0": 8.947981286339548, "248.0": 6.525373052233408, "266.0": 3.9342135660058504, "284.0": 3.4596108742546816, "302.0": 5.377699571409004, "320.0": 5.112532773255351, "338.0": 4.986525153932808, "356.0": 4.18322088601366, "374.0": 3.63581489992302, "392.0": 5.148356834612792, "410.0": 3.4557827605980704, "428.0": 3.063231954186828, "446.0": 3.243021000936909, "464.0": 2.4616494820925316, "482.0": 3.049797208892818, "500.0": 3.7611749877692926, "518.0": 3.0910868909288447, "536.0": 2.691757400103892, "554.0": 3.4426584555422193, "572.0": 4.666048824005124, "590.0": 4.447382500231644, "608.0": 3.5745852139162486, "626.0": 237.632468700261, "644.0": 12.599423690693659, "662.0": 6.670918727607658, "680.0": 7.021013334192154, "698.0": 6.7530746269035316, "716.0": 7.96626119464853, "734.0": 10.796736553905768, "752.0": 6.847887616034241, "770.0": 8.461672335025813, "788.0": 8.445823508251802, "806.0": 8.34365211603939, "824.0": 8.05439076236297, "842.0": 8.393484899651355, "860.0": 2.936612921627483, "878.0": 20.42951407426542, "896.0": 8.672857134462586, "914.0": 9.361368763189521, "932.0": 7.643106536588057, "950.0": 8.565831354371921, "968.0": 8.858162445010102, "986.0": 8.926153268402276}, "bl_median": 7.288, "bl_sigma": 2.1379092, "target_history": {"826.0": {"initial_kurt": 52.828}, "828.0": {"initial_kurt": 0}, "830.0": {"initial_kurt": 0}, "832.0": {"initial_kurt": 75.158}, "834.0": {"initial_kurt": 0}, "878.0": {"initial_kurt": 0}}, "total_cycles": 1390, "total_migrations": 90, "start_time": "2026-03-14T06:51:42.430326", "last_update": "2026-03-14T11:59:50.971819+00:00"}