{"baseline": {"400.0": 4.099546255384902, "406.0": 3.535, "412.0": 3.642, "418.0": 3.336836049232252, "424.0": 3.112, "430.0": 2.883, "436.0": 2.5715582925212503, "442.0": 2.714, "448.0": 2.588, "454.0": 2.5091013041132952, "460.0": 3.372, "466.0": 2.293, "472.0": 2.443359947414069, "478.0": 2.829, "484.0": 2.677, "490.0": 3.243329110875089, "496.0": 2.815, "502.0": 5.506, "508.0": 3.615798851448956, "514.0": 2.765, "520.0": 3.534, "526.0": 3.3796180393912305, "532.0": 3.289, "538.0": 3.28, "544.0": 3.5865562926154477, "550.0": 3.11, "556.0": 5.16, "562.0": 5.147083166968857, "568.0": 5.154, "574.0": 5.115, "580.0": 5.061853349858554, "586.0": 4.332, "592.0": 3.884, "598.0": 3.6573557965771952, "604.0": 4.157, "610.0": 4.432, "616.0": 5.941899037557999, "622.0": 8.22, "628.0": 45.234, "634.0": 40.13089233831169, "640.0": 5.876, "646.0": 24.588, "652.0": 9.674748640511321, "658.0": 5.638, "664.0": 5.449, "670.0": 7.3220739057747934, "676.0": 6.44, "682.0": 6.28, "688.0": 7.493359406289021, "694.0": 7.288, "700.0": 7.244, "706.0": 7.537560803490435, "712.0": 7.245, "718.0": 7.432, "724.0": 7.470749465526297, "730.0": 7.001, "736.0": 7.947, "742.0": 6.64015055778994, "748.0": 5.262, "754.0": 6.016, "760.0": 5.812171695804302, "766.0": 7.927, "772.0": 7.829, "778.0": 8.16001400950341, "784.0": 8.554, "790.0": 8.351, "796.0": 8.149674187238093, "802.0": 8.394, "808.0": 8.639, "814.0": 8.617474142011918, "820.0": 8.679, "826.0": 52.828, "832.0": 13.738667195196024, "838.0": 8.649, "844.0": 8.466, "850.0": 7.2885970626978445, "856.0": 8.565, "862.0": 8.356, "868.0": 7.45016747262613, "874.0": 15.039, "880.0": 10.035, "886.0": 6.073725476405176, "892.0": 8.238, "898.0": 8.503, "904.0": 8.406818943970514, "910.0": 8.647, "916.0": 8.502, "922.0": 8.263379570727134, "928.0": 8.537, "934.0": 8.45, "940.0": 8.639179592647793, "946.0": 8.565, "952.0": 8.701, "958.0": 8.825985499607222, "964.0": 8.482, "970.0": 8.73, "976.0": 8.855333409670264, "982.0": 8.696, "988.0": 9.084, "994.0": 8.889600167791565, "1000.0": 8.706, "50.0": 22.60282704284339, "68.0": 9.568837733166271, "86.0": 9.98328573329014, "104.0": 2.4320954488615647, "122.0": 24.781563257528944, "140.0": 21.414684232805236, "158.0": 12.076191101758956, "176.0": 8.225543631103603, "194.0": 15.909430958809287, "212.0": 7.0389989633282495, "230.0": 8.061554523873875, "248.0": 6.370139995126575, "266.0": 3.7674806359246684, "284.0": 3.4749969187789587, "302.0": 5.2728511410896015, "320.0": 5.069332710433018, "338.0": 5.091776596486127, "356.0": 4.117708727850324, "374.0": 3.613142742065242, "392.0": 4.683636142058128, "410.0": 3.4417866833371433, "428.0": 3.067376338396035, "446.0": 3.193123779599295, "464.0": 2.7184975007719396, "482.0": 2.947885575414315, "500.0": 3.2718986439507947, "518.0": 3.10997380696967, "536.0": 2.770532254912374, "554.0": 3.425386264484829, "572.0": 4.8358307040632535, "590.0": 4.698170648059201, "608.0": 3.706328866928037, "626.0": 114.74302280264331, "644.0": 15.925227082706957, "662.0": 6.432921533732694, "680.0": 7.037805240610169, "698.0": 6.797366029708993, "716.0": 8.052812000075077, "734.0": 8.202959541606527, "752.0": 7.826129450278442, "770.0": 8.381769710438023, "788.0": 8.433610952077057, "806.0": 7.9816457032952, "824.0": 12.654888129960042, "842.0": 8.657317999626835, "860.0": 3.529008094479148, "878.0": 9.774122569259722, "896.0": 8.603168100181495, "914.0": 8.709772277932698, "932.0": 7.339443537962879, "950.0": 8.664286430621353, "968.0": 8.709501317938575, "986.0": 8.813078839133013}, "bl_median": 7.288, "bl_sigma": 2.1379092, "target_history": {"826.0": {"initial_kurt": 52.828}, "828.0": {"initial_kurt": 0}, "830.0": {"initial_kurt": 0}, "832.0": {"initial_kurt": 75.158}, "834.0": {"initial_kurt": 0}, "878.0": {"initial_kurt": 0}}, "total_cycles": 1323, "total_migrations": 80, "start_time": "2026-03-13T22:53:35.434937", "last_update": "2026-03-14T03:59:27.469159+00:00"}