{"baseline": {"400.0": 4.099546255384902, "406.0": 3.535, "412.0": 3.642, "418.0": 3.336836049232252, "424.0": 3.112, "430.0": 2.883, "436.0": 2.5715582925212503, "442.0": 2.714, "448.0": 2.588, "454.0": 2.5091013041132952, "460.0": 3.372, "466.0": 2.293, "472.0": 2.443359947414069, "478.0": 2.829, "484.0": 2.677, "490.0": 3.243329110875089, "496.0": 2.815, "502.0": 5.506, "508.0": 3.615798851448956, "514.0": 2.765, "520.0": 3.534, "526.0": 3.3796180393912305, "532.0": 3.289, "538.0": 3.28, "544.0": 3.5865562926154477, "550.0": 3.11, "556.0": 5.16, "562.0": 5.147083166968857, "568.0": 5.154, "574.0": 5.115, "580.0": 5.061853349858554, "586.0": 4.332, "592.0": 3.884, "598.0": 3.6573557965771952, "604.0": 4.157, "610.0": 4.432, "616.0": 5.941899037557999, "622.0": 8.22, "628.0": 45.234, "634.0": 40.13089233831169, "640.0": 5.876, "646.0": 24.588, "652.0": 9.674748640511321, "658.0": 5.638, "664.0": 5.449, "670.0": 7.3220739057747934, "676.0": 6.44, "682.0": 6.28, "688.0": 7.493359406289021, "694.0": 7.288, "700.0": 7.244, "706.0": 7.537560803490435, "712.0": 7.245, "718.0": 7.432, "724.0": 7.470749465526297, "730.0": 7.001, "736.0": 7.947, "742.0": 6.64015055778994, "748.0": 5.262, "754.0": 6.016, "760.0": 5.812171695804302, "766.0": 7.927, "772.0": 7.829, "778.0": 8.16001400950341, "784.0": 8.554, "790.0": 8.351, "796.0": 8.149674187238093, "802.0": 8.394, "808.0": 8.639, "814.0": 8.617474142011918, "820.0": 8.679, "826.0": 52.828, "832.0": 13.738667195196024, "838.0": 8.649, "844.0": 8.466, "850.0": 7.2885970626978445, "856.0": 8.565, "862.0": 8.356, "868.0": 7.45016747262613, "874.0": 15.039, "880.0": 10.035, "886.0": 6.073725476405176, "892.0": 8.238, "898.0": 8.503, "904.0": 8.406818943970514, "910.0": 8.647, "916.0": 8.502, "922.0": 8.263379570727134, "928.0": 8.537, "934.0": 8.45, "940.0": 8.639179592647793, "946.0": 8.565, "952.0": 8.701, "958.0": 8.825985499607222, "964.0": 8.482, "970.0": 8.73, "976.0": 8.855333409670264, "982.0": 8.696, "988.0": 9.084, "994.0": 8.889600167791565, "1000.0": 8.706, "50.0": 28.722280247381306, "68.0": 22.230820384460575, "86.0": 11.607224868211794, "104.0": 2.1241777491750184, "122.0": 20.56072996168491, "140.0": 18.251483647003017, "158.0": 23.05319051783499, "176.0": 14.624839976046854, "194.0": 17.905327510958788, "212.0": 8.470985297900933, "230.0": 8.531289913614017, "248.0": 7.092575658202146, "266.0": 5.0971056059225734, "284.0": 3.5640401456154596, "302.0": 6.1147020981344, "320.0": 6.237326007274662, "338.0": 6.884872445890686, "356.0": 29.58439255015129, "374.0": 10.001868497455028, "392.0": 3.6507871015493656, "410.0": 3.4219121362968385, "428.0": 2.5094245285430214, "446.0": 2.748033457124132, "464.0": 2.1580072288924725, "482.0": 3.2876258180069153, "500.0": 3.1683928432027315, "518.0": 3.199709716240113, "536.0": 3.598115382144145, "554.0": 3.8193228434229543, "572.0": 4.837158120123913, "590.0": 4.093671385237514, "608.0": 4.200444901708223, "626.0": 54.88126154391919, "644.0": 28.4380781260878, "662.0": 7.204767320600773, "680.0": 7.414029629680027, "698.0": 6.893540659850976, "716.0": 8.002564579640223, "734.0": 6.545664175638501, "752.0": 6.949721013710749, "770.0": 8.295114923412596, "788.0": 8.321576549390933, "806.0": 8.415808604437345, "824.0": 7.901178342653609, "842.0": 8.37303685285265, "860.0": 3.1904901575881275, "878.0": 19.362831950091817, "896.0": 8.445291399320212, "914.0": 8.834951755476064, "932.0": 6.939142194205476, "950.0": 8.648372396551476, "968.0": 8.87656030092867, "986.0": 8.951066437593912}, "bl_median": 7.288, "bl_sigma": 2.1379092, "target_history": {"826.0": {"initial_kurt": 52.828}, "828.0": {"initial_kurt": 0}, "830.0": {"initial_kurt": 0}, "832.0": {"initial_kurt": 75.158}, "834.0": {"initial_kurt": 0}, "878.0": {"initial_kurt": 0}}, "total_cycles": 1520, "total_migrations": 126, "start_time": "2026-03-14T20:00:50.146758", "last_update": "2026-03-15T05:58:25.014277+00:00"}