{"baseline": {"400.0": 4.099546255384902, "406.0": 3.535, "412.0": 3.642, "418.0": 3.336836049232252, "424.0": 3.112, "430.0": 2.883, "436.0": 2.5715582925212503, "442.0": 2.714, "448.0": 2.588, "454.0": 2.5091013041132952, "460.0": 3.372, "466.0": 2.293, "472.0": 2.443359947414069, "478.0": 2.829, "484.0": 2.677, "490.0": 3.243329110875089, "496.0": 2.815, "502.0": 5.506, "508.0": 3.615798851448956, "514.0": 2.765, "520.0": 3.534, "526.0": 3.3796180393912305, "532.0": 3.289, "538.0": 3.28, "544.0": 3.5865562926154477, "550.0": 3.11, "556.0": 5.16, "562.0": 5.147083166968857, "568.0": 5.154, "574.0": 5.115, "580.0": 5.061853349858554, "586.0": 4.332, "592.0": 3.884, "598.0": 3.6573557965771952, "604.0": 4.157, "610.0": 4.432, "616.0": 5.941899037557999, "622.0": 8.22, "628.0": 45.234, "634.0": 40.13089233831169, "640.0": 5.876, "646.0": 24.588, "652.0": 9.674748640511321, "658.0": 5.638, "664.0": 5.449, "670.0": 7.3220739057747934, "676.0": 6.44, "682.0": 6.28, "688.0": 7.493359406289021, "694.0": 7.288, "700.0": 7.244, "706.0": 7.537560803490435, "712.0": 7.245, "718.0": 7.432, "724.0": 7.470749465526297, "730.0": 7.001, "736.0": 7.947, "742.0": 6.64015055778994, "748.0": 5.262, "754.0": 6.016, "760.0": 5.812171695804302, "766.0": 7.927, "772.0": 7.829, "778.0": 8.16001400950341, "784.0": 8.554, "790.0": 8.351, "796.0": 8.149674187238093, "802.0": 8.394, "808.0": 8.639, "814.0": 8.617474142011918, "820.0": 8.679, "826.0": 52.828, "832.0": 13.738667195196024, "838.0": 8.649, "844.0": 8.466, "850.0": 7.2885970626978445, "856.0": 8.565, "862.0": 8.356, "868.0": 7.45016747262613, "874.0": 15.039, "880.0": 10.035, "886.0": 6.073725476405176, "892.0": 8.238, "898.0": 8.503, "904.0": 8.406818943970514, "910.0": 8.647, "916.0": 8.502, "922.0": 8.263379570727134, "928.0": 8.537, "934.0": 8.45, "940.0": 8.639179592647793, "946.0": 8.565, "952.0": 8.701, "958.0": 8.825985499607222, "964.0": 8.482, "970.0": 8.73, "976.0": 8.855333409670264, "982.0": 8.696, "988.0": 9.084, "994.0": 8.889600167791565, "1000.0": 8.706, "50.0": 18.366999303488505, "68.0": 7.973498122227781, "86.0": 9.087177265596523, "104.0": 2.5604806047718647, "122.0": 24.837488975857347, "140.0": 19.479776280719282, "158.0": 15.176193922687743, "176.0": 7.9344946472717135, "194.0": 15.67909484666762, "212.0": 6.915471643511091, "230.0": 8.469598809186083, "248.0": 6.589592468423915, "266.0": 3.8036602720779973, "284.0": 3.4713791006877526, "302.0": 5.336692290861221, "320.0": 5.286952749835199, "338.0": 5.430481306658454, "356.0": 4.090307654252714, "374.0": 3.606934052516343, "392.0": 4.7832242692220275, "410.0": 3.4182408660554984, "428.0": 3.014250248212147, "446.0": 3.231512035093233, "464.0": 2.6463852337254106, "482.0": 2.9898585065944565, "500.0": 5.9111927019869155, "518.0": 3.104879231031927, "536.0": 2.7029484409015603, "554.0": 3.42298413712488, "572.0": 4.762860682425083, "590.0": 4.5968495063348085, "608.0": 3.6515211288755878, "626.0": 215.52747386808792, "644.0": 16.321499740224326, "662.0": 6.276944631025766, "680.0": 6.958430893228947, "698.0": 6.737463809183543, "716.0": 8.096174595464003, "734.0": 10.253546637376711, "752.0": 7.023881246785651, "770.0": 8.42363239772733, "788.0": 8.382925133691737, "806.0": 8.0834547512979, "824.0": 7.997218461074429, "842.0": 8.162418222001659, "860.0": 2.9219883264768285, "878.0": 16.71089489628719, "896.0": 8.61065778969764, "914.0": 10.347668423515602, "932.0": 7.984638314206869, "950.0": 8.60788028752387, "968.0": 8.757195778150042, "986.0": 8.82842506113598}, "bl_median": 7.288, "bl_sigma": 2.1379092, "target_history": {"826.0": {"initial_kurt": 52.828}, "828.0": {"initial_kurt": 0}, "830.0": {"initial_kurt": 0}, "832.0": {"initial_kurt": 75.158}, "834.0": {"initial_kurt": 0}, "878.0": {"initial_kurt": 0}}, "total_cycles": 1372, "total_migrations": 88, "start_time": "2026-03-14T03:58:27.638234"}