{"baseline": {"400.0": 4.099546255384902, "406.0": 3.535, "412.0": 3.642, "418.0": 3.336836049232252, "424.0": 3.112, "430.0": 2.883, "436.0": 2.5715582925212503, "442.0": 2.714, "448.0": 2.588, "454.0": 2.5091013041132952, "460.0": 3.372, "466.0": 2.293, "472.0": 2.443359947414069, "478.0": 2.829, "484.0": 2.677, "490.0": 3.243329110875089, "496.0": 2.815, "502.0": 5.506, "508.0": 3.615798851448956, "514.0": 2.765, "520.0": 3.534, "526.0": 3.3796180393912305, "532.0": 3.289, "538.0": 3.28, "544.0": 3.5865562926154477, "550.0": 3.11, "556.0": 5.16, "562.0": 5.147083166968857, "568.0": 5.154, "574.0": 5.115, "580.0": 5.061853349858554, "586.0": 4.332, "592.0": 3.884, "598.0": 3.6573557965771952, "604.0": 4.157, "610.0": 4.432, "616.0": 5.941899037557999, "622.0": 8.22, "628.0": 45.234, "634.0": 40.13089233831169, "640.0": 5.876, "646.0": 24.588, "652.0": 9.674748640511321, "658.0": 5.638, "664.0": 5.449, "670.0": 7.3220739057747934, "676.0": 6.44, "682.0": 6.28, "688.0": 7.493359406289021, "694.0": 7.288, "700.0": 7.244, "706.0": 7.537560803490435, "712.0": 7.245, "718.0": 7.432, "724.0": 7.470749465526297, "730.0": 7.001, "736.0": 7.947, "742.0": 6.64015055778994, "748.0": 5.262, "754.0": 6.016, "760.0": 5.812171695804302, "766.0": 7.927, "772.0": 7.829, "778.0": 8.16001400950341, "784.0": 8.554, "790.0": 8.351, "796.0": 8.149674187238093, "802.0": 8.394, "808.0": 8.639, "814.0": 8.617474142011918, "820.0": 8.679, "826.0": 52.828, "832.0": 13.738667195196024, "838.0": 8.649, "844.0": 8.466, "850.0": 7.2885970626978445, "856.0": 8.565, "862.0": 8.356, "868.0": 7.45016747262613, "874.0": 15.039, "880.0": 10.035, "886.0": 6.073725476405176, "892.0": 8.238, "898.0": 8.503, "904.0": 8.406818943970514, "910.0": 8.647, "916.0": 8.502, "922.0": 8.263379570727134, "928.0": 8.537, "934.0": 8.45, "940.0": 8.639179592647793, "946.0": 8.565, "952.0": 8.701, "958.0": 8.825985499607222, "964.0": 8.482, "970.0": 8.73, "976.0": 8.855333409670264, "982.0": 8.696, "988.0": 9.084, "994.0": 8.889600167791565, "1000.0": 8.706, "50.0": 27.459690321302524, "68.0": 13.907512352488103, "86.0": 17.272273570078365, "104.0": 2.633203486769387, "122.0": 21.275066319837936, "140.0": 19.320163184303325, "158.0": 14.629084384151508, "176.0": 11.272266299946356, "194.0": 17.479414786198237, "212.0": 7.6942871494653975, "230.0": 7.920842771847392, "248.0": 6.972277676886668, "266.0": 3.642554831614145, "284.0": 3.3754754291364413, "302.0": 4.926361152236271, "320.0": 5.280535462227121, "338.0": 4.582677037151458, "356.0": 4.266786068982263, "374.0": 4.847838698863706, "392.0": 4.94103809712849, "410.0": 3.4331733187127798, "428.0": 3.058544738226354, "446.0": 3.1615809814113764, "464.0": 2.3941519807766927, "482.0": 3.0537471719149165, "500.0": 3.8151076746386097, "518.0": 3.138283640816706, "536.0": 3.2732246421505624, "554.0": 3.7117056428330915, "572.0": 5.154761298146027, "590.0": 4.6370880432422, "608.0": 3.9251429304771412, "626.0": 15.886127237889223, "644.0": 17.346859757167657, "662.0": 6.727947516542209, "680.0": 7.883809582303703, "698.0": 7.6201916458598795, "716.0": 7.670244122056249, "734.0": 6.270914135151339, "752.0": 6.893176596904065, "770.0": 8.373228734798017, "788.0": 8.376492662311048, "806.0": 8.070942230456037, "824.0": 39.77582369378349, "842.0": 8.528276914326566, "860.0": 5.326634315057364, "878.0": 13.661751384963289, "896.0": 8.666375440214017, "914.0": 9.896075083076962, "932.0": 7.8633557652415496, "950.0": 8.658793362821442, "968.0": 8.858224638578594, "986.0": 8.877351355806505}, "bl_median": 7.288, "bl_sigma": 2.1379092, "target_history": {"826.0": {"initial_kurt": 52.828}, "828.0": {"initial_kurt": 0}, "830.0": {"initial_kurt": 0}, "832.0": {"initial_kurt": 75.158}, "834.0": {"initial_kurt": 0}, "878.0": {"initial_kurt": 0}}, "total_cycles": 1289, "total_migrations": 70, "start_time": "2026-03-13T19:59:55.913426"}