{"baseline": {"400.0": 4.099546255384902, "406.0": 3.535, "412.0": 3.642, "418.0": 3.336836049232252, "424.0": 3.112, "430.0": 2.883, "436.0": 2.5715582925212503, "442.0": 2.714, "448.0": 2.588, "454.0": 2.5091013041132952, "460.0": 3.372, "466.0": 2.293, "472.0": 2.443359947414069, "478.0": 2.829, "484.0": 2.677, "490.0": 3.243329110875089, "496.0": 2.815, "502.0": 5.506, "508.0": 3.615798851448956, "514.0": 2.765, "520.0": 3.534, "526.0": 3.3796180393912305, "532.0": 3.289, "538.0": 3.28, "544.0": 3.5865562926154477, "550.0": 3.11, "556.0": 5.16, "562.0": 5.147083166968857, "568.0": 5.154, "574.0": 5.115, "580.0": 5.061853349858554, "586.0": 4.332, "592.0": 3.884, "598.0": 3.6573557965771952, "604.0": 4.157, "610.0": 4.432, "616.0": 5.941899037557999, "622.0": 8.22, "628.0": 45.234, "634.0": 40.13089233831169, "640.0": 5.876, "646.0": 24.588, "652.0": 9.674748640511321, "658.0": 5.638, "664.0": 5.449, "670.0": 7.3220739057747934, "676.0": 6.44, "682.0": 6.28, "688.0": 7.493359406289021, "694.0": 7.288, "700.0": 7.244, "706.0": 7.537560803490435, "712.0": 7.245, "718.0": 7.432, "724.0": 7.470749465526297, "730.0": 7.001, "736.0": 7.947, "742.0": 6.64015055778994, "748.0": 5.262, "754.0": 6.016, "760.0": 5.812171695804302, "766.0": 7.927, "772.0": 7.829, "778.0": 8.16001400950341, "784.0": 8.554, "790.0": 8.351, "796.0": 8.149674187238093, "802.0": 8.394, "808.0": 8.639, "814.0": 8.617474142011918, "820.0": 8.679, "826.0": 52.828, "832.0": 13.738667195196024, "838.0": 8.649, "844.0": 8.466, "850.0": 7.2885970626978445, "856.0": 8.565, "862.0": 8.356, "868.0": 7.45016747262613, "874.0": 15.039, "880.0": 10.035, "886.0": 6.073725476405176, "892.0": 8.238, "898.0": 8.503, "904.0": 8.406818943970514, "910.0": 8.647, "916.0": 8.502, "922.0": 8.263379570727134, "928.0": 8.537, "934.0": 8.45, "940.0": 8.639179592647793, "946.0": 8.565, "952.0": 8.701, "958.0": 8.825985499607222, "964.0": 8.482, "970.0": 8.73, "976.0": 8.855333409670264, "982.0": 8.696, "988.0": 9.084, "994.0": 8.889600167791565, "1000.0": 8.706, "50.0": 20.95582938442149, "68.0": 16.602605617406038, "86.0": 10.089346315669964, "104.0": 2.518790358773186, "122.0": 20.134611783628145, "140.0": 19.712608098787538, "158.0": 20.402897156244016, "176.0": 11.244153541396006, "194.0": 17.72344133580453, "212.0": 7.71545220163536, "230.0": 7.408187991895972, "248.0": 6.269959056925035, "266.0": 4.7495365676566506, "284.0": 3.537808873067404, "302.0": 6.0919566990027505, "320.0": 5.5774962813860745, "338.0": 5.522781093095424, "356.0": 21.014268747103706, "374.0": 7.816371569200772, "392.0": 3.939315726518486, "410.0": 3.432684322822839, "428.0": 2.7506058914845033, "446.0": 3.259132337440209, "464.0": 2.4047993565226085, "482.0": 3.2561920924057537, "500.0": 3.2779550604463226, "518.0": 3.158932164588493, "536.0": 3.6205463472233372, "554.0": 3.9773142847116554, "572.0": 4.65053342054477, "590.0": 4.070733712436033, "608.0": 3.903814300181994, "626.0": 68.97576700511699, "644.0": 27.683314878496592, "662.0": 6.75367278185584, "680.0": 6.888095419250584, "698.0": 6.399365124349208, "716.0": 8.393337022743106, "734.0": 6.692472225592188, "752.0": 6.516673108659586, "770.0": 7.821485399559009, "788.0": 8.031696415080791, "806.0": 8.222774818994072, "824.0": 7.720384466287451, "842.0": 8.076914277244304, "860.0": 3.3056900903766704, "878.0": 16.85082295881546, "896.0": 8.209292094297352, "914.0": 11.344993961742741, "932.0": 7.7243600735350375, "950.0": 8.65251289587182, "968.0": 8.753309095671138, "986.0": 8.832408141363524}, "bl_median": 7.288, "bl_sigma": 2.1379092, "target_history": {"826.0": {"initial_kurt": 52.828}, "828.0": {"initial_kurt": 0}, "830.0": {"initial_kurt": 0}, "832.0": {"initial_kurt": 75.158}, "834.0": {"initial_kurt": 0}, "878.0": {"initial_kurt": 0}}, "total_cycles": 1496, "total_migrations": 122, "start_time": "2026-03-14T20:00:50.146758", "last_update": "2026-03-15T04:56:30.773445+00:00"}