{"baseline": {"400.0": 4.7955141841140545, "406.0": 3.535, "412.0": 3.642, "418.0": 3.6062939540552845, "424.0": 3.112, "430.0": 2.883, "436.0": 2.7746981016260053, "442.0": 2.714, "448.0": 2.588, "454.0": 2.6609321981615723, "460.0": 3.372, "466.0": 2.293, "472.0": 2.5378860138126353, "478.0": 2.829, "484.0": 2.677, "490.0": 3.2602422220779976, "496.0": 2.815, "502.0": 5.506, "508.0": 3.4144171029071098, "514.0": 2.765, "520.0": 3.534, "526.0": 3.410846815849751, "532.0": 3.289, "538.0": 3.28, "544.0": 3.355132416133259, "550.0": 3.11, "556.0": 5.16, "562.0": 5.8071835201456485, "568.0": 5.154, "574.0": 5.115, "580.0": 5.61076148914706, "586.0": 4.332, "592.0": 3.884, "598.0": 3.792142260089081, "604.0": 4.157, "610.0": 4.432, "616.0": 8.094875809415814, "622.0": 8.22, "628.0": 45.234, "634.0": 40.01876089419372, "640.0": 5.876, "646.0": 24.588, "652.0": 8.448145200463935, "658.0": 5.638, "664.0": 5.449, "670.0": 6.3296714833261225, "676.0": 6.44, "682.0": 6.28, "688.0": 7.03324887855927, "694.0": 7.288, "700.0": 7.244, "706.0": 7.50479033907779, "712.0": 7.245, "718.0": 7.432, "724.0": 7.572380310505288, "730.0": 7.001, "736.0": 7.947, "742.0": 5.938688363610159, "748.0": 5.262, "754.0": 6.016, "760.0": 6.863257854391052, "766.0": 7.927, "772.0": 7.829, "778.0": 7.942409026668358, "784.0": 8.554, "790.0": 8.351, "796.0": 7.928131381283736, "802.0": 8.394, "808.0": 8.639, "814.0": 8.392245303947684, "820.0": 8.679, "826.0": 52.828, "832.0": 30.753566002540204, "838.0": 8.649, "844.0": 8.466, "850.0": 6.988388314732706, "856.0": 8.565, "862.0": 8.356, "868.0": 7.687683580980951, "874.0": 15.039, "880.0": 10.035, "886.0": 6.650760960454967, "892.0": 8.238, "898.0": 8.503, "904.0": 8.433354818391614, "910.0": 8.647, "916.0": 8.502, "922.0": 8.04857150258969, "928.0": 8.537, "934.0": 8.45, "940.0": 8.666987708014108, "946.0": 8.565, "952.0": 8.701, "958.0": 8.76028649700582, "964.0": 8.482, "970.0": 8.73, "976.0": 8.80646597189546, "982.0": 8.696, "988.0": 9.084, "994.0": 8.841342160307073, "1000.0": 8.706}, "bl_median": 7.288, "bl_sigma": 2.1379092, "target_history": {"826.0": {"initial_kurt": 52.828}, "828.0": {"initial_kurt": 0}, "830.0": {"initial_kurt": 0}, "832.0": {"initial_kurt": 75.158}, "834.0": {"initial_kurt": 0}, "878.0": {"initial_kurt": 0}}, "total_cycles": 1175, "total_migrations": 63, "start_time": "2026-03-13T12:29:19.389561"}