{"baseline": {"400.0": 4.099546255384902, "406.0": 3.535, "412.0": 3.642, "418.0": 3.336836049232252, "424.0": 3.112, "430.0": 2.883, "436.0": 2.5715582925212503, "442.0": 2.714, "448.0": 2.588, "454.0": 2.5091013041132952, "460.0": 3.372, "466.0": 2.293, "472.0": 2.443359947414069, "478.0": 2.829, "484.0": 2.677, "490.0": 3.243329110875089, "496.0": 2.815, "502.0": 5.506, "508.0": 3.615798851448956, "514.0": 2.765, "520.0": 3.534, "526.0": 3.3796180393912305, "532.0": 3.289, "538.0": 3.28, "544.0": 3.5865562926154477, "550.0": 3.11, "556.0": 5.16, "562.0": 5.147083166968857, "568.0": 5.154, "574.0": 5.115, "580.0": 5.061853349858554, "586.0": 4.332, "592.0": 3.884, "598.0": 3.6573557965771952, "604.0": 4.157, "610.0": 4.432, "616.0": 5.941899037557999, "622.0": 8.22, "628.0": 45.234, "634.0": 40.13089233831169, "640.0": 5.876, "646.0": 24.588, "652.0": 9.674748640511321, "658.0": 5.638, "664.0": 5.449, "670.0": 7.3220739057747934, "676.0": 6.44, "682.0": 6.28, "688.0": 7.493359406289021, "694.0": 7.288, "700.0": 7.244, "706.0": 7.537560803490435, "712.0": 7.245, "718.0": 7.432, "724.0": 7.470749465526297, "730.0": 7.001, "736.0": 7.947, "742.0": 6.64015055778994, "748.0": 5.262, "754.0": 6.016, "760.0": 5.812171695804302, "766.0": 7.927, "772.0": 7.829, "778.0": 8.16001400950341, "784.0": 8.554, "790.0": 8.351, "796.0": 8.149674187238093, "802.0": 8.394, "808.0": 8.639, "814.0": 8.617474142011918, "820.0": 8.679, "826.0": 52.828, "832.0": 13.738667195196024, "838.0": 8.649, "844.0": 8.466, "850.0": 7.2885970626978445, "856.0": 8.565, "862.0": 8.356, "868.0": 7.45016747262613, "874.0": 15.039, "880.0": 10.035, "886.0": 6.073725476405176, "892.0": 8.238, "898.0": 8.503, "904.0": 8.406818943970514, "910.0": 8.647, "916.0": 8.502, "922.0": 8.263379570727134, "928.0": 8.537, "934.0": 8.45, "940.0": 8.639179592647793, "946.0": 8.565, "952.0": 8.701, "958.0": 8.825985499607222, "964.0": 8.482, "970.0": 8.73, "976.0": 8.855333409670264, "982.0": 8.696, "988.0": 9.084, "994.0": 8.889600167791565, "1000.0": 8.706, "50.0": 31.775583700436492, "68.0": 16.216889388182743, "86.0": 10.0864271737348, "104.0": 2.7410035871977514, "122.0": 19.28711976497946, "140.0": 21.4284546438684, "158.0": 22.938213937092236, "176.0": 14.175878348237465, "194.0": 17.483781980918863, "212.0": 11.759775527033462, "230.0": 9.8803816614302, "248.0": 7.374985134687118, "266.0": 4.717424590797737, "284.0": 3.6002133862363372, "302.0": 6.845078566716612, "320.0": 6.6709033069750765, "338.0": 6.989942498465631, "356.0": 12.418703413287913, "374.0": 8.202072095353214, "392.0": 13.149585717615127, "410.0": 5.205353907293012, "428.0": 2.617618265656683, "446.0": 2.6661511132772753, "464.0": 2.2389401653166403, "482.0": 3.160091266124071, "500.0": 3.440951980032954, "518.0": 3.2374510190994275, "536.0": 3.7504595943112533, "554.0": 4.994561562351914, "572.0": 7.125748243612589, "590.0": 4.387036004089888, "608.0": 4.356812269566298, "626.0": 36.41918296981686, "644.0": 19.604283754551208, "662.0": 7.237761952126397, "680.0": 7.463879246610016, "698.0": 7.218936244290124, "716.0": 8.064693756642853, "734.0": 7.302315771954364, "752.0": 5.935845597470013, "770.0": 8.29166389575054, "788.0": 8.263434982245645, "806.0": 8.460247996738307, "824.0": 8.497393410466923, "842.0": 8.548378890055822, "860.0": 3.4882495402267035, "878.0": 14.041189262832045, "896.0": 8.417008732552052, "914.0": 8.683175096150112, "932.0": 7.676574457191153, "950.0": 8.742562554172153, "968.0": 8.887598299121139, "986.0": 8.960416607245037}, "bl_median": 7.288, "bl_sigma": 2.1379092, "target_history": {"826.0": {"initial_kurt": 52.828}, "828.0": {"initial_kurt": 0}, "830.0": {"initial_kurt": 0}, "832.0": {"initial_kurt": 75.158}, "834.0": {"initial_kurt": 0}, "878.0": {"initial_kurt": 0}}, "total_cycles": 2518, "total_migrations": 180, "start_time": "2026-03-15T15:04:52.007804", "last_update": "2026-03-15T23:25:29.885100+00:00"}