{"baseline": {"400.0": 4.099546255384902, "406.0": 3.535, "412.0": 3.642, "418.0": 3.336836049232252, "424.0": 3.112, "430.0": 2.883, "436.0": 2.5715582925212503, "442.0": 2.714, "448.0": 2.588, "454.0": 2.5091013041132952, "460.0": 3.372, "466.0": 2.293, "472.0": 2.443359947414069, "478.0": 2.829, "484.0": 2.677, "490.0": 3.243329110875089, "496.0": 2.815, "502.0": 5.506, "508.0": 3.615798851448956, "514.0": 2.765, "520.0": 3.534, "526.0": 3.3796180393912305, "532.0": 3.289, "538.0": 3.28, "544.0": 3.5865562926154477, "550.0": 3.11, "556.0": 5.16, "562.0": 5.147083166968857, "568.0": 5.154, "574.0": 5.115, "580.0": 5.061853349858554, "586.0": 4.332, "592.0": 3.884, "598.0": 3.6573557965771952, "604.0": 4.157, "610.0": 4.432, "616.0": 5.941899037557999, "622.0": 8.22, "628.0": 45.234, "634.0": 40.13089233831169, "640.0": 5.876, "646.0": 24.588, "652.0": 9.674748640511321, "658.0": 5.638, "664.0": 5.449, "670.0": 7.3220739057747934, "676.0": 6.44, "682.0": 6.28, "688.0": 7.493359406289021, "694.0": 7.288, "700.0": 7.244, "706.0": 7.537560803490435, "712.0": 7.245, "718.0": 7.432, "724.0": 7.470749465526297, "730.0": 7.001, "736.0": 7.947, "742.0": 6.64015055778994, "748.0": 5.262, "754.0": 6.016, "760.0": 5.812171695804302, "766.0": 7.927, "772.0": 7.829, "778.0": 8.16001400950341, "784.0": 8.554, "790.0": 8.351, "796.0": 8.149674187238093, "802.0": 8.394, "808.0": 8.639, "814.0": 8.617474142011918, "820.0": 8.679, "826.0": 52.828, "832.0": 13.738667195196024, "838.0": 8.649, "844.0": 8.466, "850.0": 7.2885970626978445, "856.0": 8.565, "862.0": 8.356, "868.0": 7.45016747262613, "874.0": 15.039, "880.0": 10.035, "886.0": 6.073725476405176, "892.0": 8.238, "898.0": 8.503, "904.0": 8.406818943970514, "910.0": 8.647, "916.0": 8.502, "922.0": 8.263379570727134, "928.0": 8.537, "934.0": 8.45, "940.0": 8.639179592647793, "946.0": 8.565, "952.0": 8.701, "958.0": 8.825985499607222, "964.0": 8.482, "970.0": 8.73, "976.0": 8.855333409670264, "982.0": 8.696, "988.0": 9.084, "994.0": 8.889600167791565, "1000.0": 8.706, "50.0": 26.214217258294944, "68.0": 10.520996766808251, "86.0": 11.769800923146441, "104.0": 2.459905628573208, "122.0": 24.402329584210737, "140.0": 21.628190432990433, "158.0": 11.52898410379619, "176.0": 10.149243541039901, "194.0": 15.916891022726944, "212.0": 7.251551944847589, "230.0": 8.06473068576663, "248.0": 6.474739960860931, "266.0": 3.723790480020021, "284.0": 3.47027701874909, "302.0": 5.250954560202439, "320.0": 4.948488691067292, "338.0": 4.674018385130654, "356.0": 4.223461260740018, "374.0": 3.765385270060955, "392.0": 4.685083659832435, "410.0": 3.4718146293715684, "428.0": 3.0734190742007357, "446.0": 3.2658578603464816, "464.0": 2.5573666803980943, "482.0": 3.002725279679605, "500.0": 3.3134300853721252, "518.0": 3.1163059127637442, "536.0": 2.924561980095912, "554.0": 3.456671381903476, "572.0": 4.880880338403132, "590.0": 4.665537966746711, "608.0": 3.7227211957397803, "626.0": 61.3416402409584, "644.0": 15.708230177676334, "662.0": 6.570596850653288, "680.0": 7.433911768129065, "698.0": 7.1674931925897365, "716.0": 7.846220752139269, "734.0": 7.457005468900006, "752.0": 6.721615331395182, "770.0": 8.447780008667799, "788.0": 8.413032292050637, "806.0": 7.507542535706464, "824.0": 30.190520792102568, "842.0": 10.472643825016668, "860.0": 4.031510420529321, "878.0": 10.849546075772317, "896.0": 8.61492325531799, "914.0": 9.25839236450632, "932.0": 7.316225948797303, "950.0": 8.662972431587317, "968.0": 8.811561200725617, "986.0": 8.861506563575412}, "bl_median": 7.288, "bl_sigma": 2.1379092, "target_history": {"826.0": {"initial_kurt": 52.828}, "828.0": {"initial_kurt": 0}, "830.0": {"initial_kurt": 0}, "832.0": {"initial_kurt": 75.158}, "834.0": {"initial_kurt": 0}, "878.0": {"initial_kurt": 0}}, "total_cycles": 1308, "total_migrations": 70, "start_time": "2026-03-13T21:54:04.277698"}