{"baseline": {"400.0": 4.099546255384902, "406.0": 3.535, "412.0": 3.642, "418.0": 3.336836049232252, "424.0": 3.112, "430.0": 2.883, "436.0": 2.5715582925212503, "442.0": 2.714, "448.0": 2.588, "454.0": 2.5091013041132952, "460.0": 3.372, "466.0": 2.293, "472.0": 2.443359947414069, "478.0": 2.829, "484.0": 2.677, "490.0": 3.243329110875089, "496.0": 2.815, "502.0": 5.506, "508.0": 3.615798851448956, "514.0": 2.765, "520.0": 3.534, "526.0": 3.3796180393912305, "532.0": 3.289, "538.0": 3.28, "544.0": 3.5865562926154477, "550.0": 3.11, "556.0": 5.16, "562.0": 5.147083166968857, "568.0": 5.154, "574.0": 5.115, "580.0": 5.061853349858554, "586.0": 4.332, "592.0": 3.884, "598.0": 3.6573557965771952, "604.0": 4.157, "610.0": 4.432, "616.0": 5.941899037557999, "622.0": 8.22, "628.0": 45.234, "634.0": 40.13089233831169, "640.0": 5.876, "646.0": 24.588, "652.0": 9.674748640511321, "658.0": 5.638, "664.0": 5.449, "670.0": 7.3220739057747934, "676.0": 6.44, "682.0": 6.28, "688.0": 7.493359406289021, "694.0": 7.288, "700.0": 7.244, "706.0": 7.537560803490435, "712.0": 7.245, "718.0": 7.432, "724.0": 7.470749465526297, "730.0": 7.001, "736.0": 7.947, "742.0": 6.64015055778994, "748.0": 5.262, "754.0": 6.016, "760.0": 5.812171695804302, "766.0": 7.927, "772.0": 7.829, "778.0": 8.16001400950341, "784.0": 8.554, "790.0": 8.351, "796.0": 8.149674187238093, "802.0": 8.394, "808.0": 8.639, "814.0": 8.617474142011918, "820.0": 8.679, "826.0": 52.828, "832.0": 13.738667195196024, "838.0": 8.649, "844.0": 8.466, "850.0": 7.2885970626978445, "856.0": 8.565, "862.0": 8.356, "868.0": 7.45016747262613, "874.0": 15.039, "880.0": 10.035, "886.0": 6.073725476405176, "892.0": 8.238, "898.0": 8.503, "904.0": 8.406818943970514, "910.0": 8.647, "916.0": 8.502, "922.0": 8.263379570727134, "928.0": 8.537, "934.0": 8.45, "940.0": 8.639179592647793, "946.0": 8.565, "952.0": 8.701, "958.0": 8.825985499607222, "964.0": 8.482, "970.0": 8.73, "976.0": 8.855333409670264, "982.0": 8.696, "988.0": 9.084, "994.0": 8.889600167791565, "1000.0": 8.706, "50.0": 29.82943919634367, "68.0": 16.48617982534523, "86.0": 9.629887516636796, "104.0": 2.712011200383961, "122.0": 18.061259344020456, "140.0": 21.77234961039207, "158.0": 22.87035078894224, "176.0": 14.022580202265669, "194.0": 17.716672950721502, "212.0": 11.756766988862191, "230.0": 9.993571082532128, "248.0": 7.004369316963258, "266.0": 4.715469305958141, "284.0": 3.5820256501948267, "302.0": 6.739711516574444, "320.0": 6.587609819362144, "338.0": 6.681966244327073, "356.0": 12.316474744661143, "374.0": 7.436746505426609, "392.0": 8.579877826355101, "410.0": 5.211210395845706, "428.0": 2.6836296027188533, "446.0": 2.6416700307911887, "464.0": 2.299617167396041, "482.0": 3.1643819505602426, "500.0": 3.3843682662206938, "518.0": 3.208048914041219, "536.0": 3.708394441260367, "554.0": 5.053261805257865, "572.0": 6.98600902733372, "590.0": 4.458509671049535, "608.0": 4.233506486350583, "626.0": 27.664251197662445, "644.0": 21.549250782802446, "662.0": 7.053575367600005, "680.0": 7.409597856697674, "698.0": 7.122496409601789, "716.0": 8.032109284724035, "734.0": 6.6780224611631995, "752.0": 6.131189345165062, "770.0": 8.230140244421563, "788.0": 8.165555491399607, "806.0": 8.426605219634604, "824.0": 8.442478678451952, "842.0": 8.574156958710157, "860.0": 4.0252436139076195, "878.0": 12.682378794028727, "896.0": 8.267185245836195, "914.0": 8.688562839273114, "932.0": 7.607774133104124, "950.0": 8.723801011351805, "968.0": 8.880340111683239, "986.0": 8.89299547117091}, "bl_median": 7.288, "bl_sigma": 2.1379092, "target_history": {"826.0": {"initial_kurt": 52.828}, "828.0": {"initial_kurt": 0}, "830.0": {"initial_kurt": 0}, "832.0": {"initial_kurt": 75.158}, "834.0": {"initial_kurt": 0}, "878.0": {"initial_kurt": 0}}, "total_cycles": 2524, "total_migrations": 180, "start_time": "2026-03-15T19:53:47.188146"}