{"baseline": {"400.0": 4.099546255384902, "406.0": 3.535, "412.0": 3.642, "418.0": 3.336836049232252, "424.0": 3.112, "430.0": 2.883, "436.0": 2.5715582925212503, "442.0": 2.714, "448.0": 2.588, "454.0": 2.5091013041132952, "460.0": 3.372, "466.0": 2.293, "472.0": 2.443359947414069, "478.0": 2.829, "484.0": 2.677, "490.0": 3.243329110875089, "496.0": 2.815, "502.0": 5.506, "508.0": 3.615798851448956, "514.0": 2.765, "520.0": 3.534, "526.0": 3.3796180393912305, "532.0": 3.289, "538.0": 3.28, "544.0": 3.5865562926154477, "550.0": 3.11, "556.0": 5.16, "562.0": 5.147083166968857, "568.0": 5.154, "574.0": 5.115, "580.0": 5.061853349858554, "586.0": 4.332, "592.0": 3.884, "598.0": 3.6573557965771952, "604.0": 4.157, "610.0": 4.432, "616.0": 5.941899037557999, "622.0": 8.22, "628.0": 45.234, "634.0": 40.13089233831169, "640.0": 5.876, "646.0": 24.588, "652.0": 9.674748640511321, "658.0": 5.638, "664.0": 5.449, "670.0": 7.3220739057747934, "676.0": 6.44, "682.0": 6.28, "688.0": 7.493359406289021, "694.0": 7.288, "700.0": 7.244, "706.0": 7.537560803490435, "712.0": 7.245, "718.0": 7.432, "724.0": 7.470749465526297, "730.0": 7.001, "736.0": 7.947, "742.0": 6.64015055778994, "748.0": 5.262, "754.0": 6.016, "760.0": 5.812171695804302, "766.0": 7.927, "772.0": 7.829, "778.0": 8.16001400950341, "784.0": 8.554, "790.0": 8.351, "796.0": 8.149674187238093, "802.0": 8.394, "808.0": 8.639, "814.0": 8.617474142011918, "820.0": 8.679, "826.0": 52.828, "832.0": 13.738667195196024, "838.0": 8.649, "844.0": 8.466, "850.0": 7.2885970626978445, "856.0": 8.565, "862.0": 8.356, "868.0": 7.45016747262613, "874.0": 15.039, "880.0": 10.035, "886.0": 6.073725476405176, "892.0": 8.238, "898.0": 8.503, "904.0": 8.406818943970514, "910.0": 8.647, "916.0": 8.502, "922.0": 8.263379570727134, "928.0": 8.537, "934.0": 8.45, "940.0": 8.639179592647793, "946.0": 8.565, "952.0": 8.701, "958.0": 8.825985499607222, "964.0": 8.482, "970.0": 8.73, "976.0": 8.855333409670264, "982.0": 8.696, "988.0": 9.084, "994.0": 8.889600167791565, "1000.0": 8.706, "50.0": 17.754880640845236, "68.0": 8.129585319574856, "86.0": 9.066184489205884, "104.0": 2.5156287770805648, "122.0": 24.976404602818604, "140.0": 20.45249001240174, "158.0": 15.061547497467098, "176.0": 7.428428088840726, "194.0": 15.131981788407888, "212.0": 6.972074949699178, "230.0": 8.30351495175266, "248.0": 6.500280407011675, "266.0": 3.7804973576534033, "284.0": 3.4829411746486003, "302.0": 5.2686720447475786, "320.0": 5.043205092325168, "338.0": 5.243949701091875, "356.0": 4.068038361083717, "374.0": 3.5958296548033384, "392.0": 4.717306738859624, "410.0": 3.4155738510974007, "428.0": 3.045054415160112, "446.0": 3.199383871441983, "464.0": 2.6641183939962665, "482.0": 3.016963049603065, "500.0": 4.650435769736628, "518.0": 3.1069123894188384, "536.0": 2.703806575381167, "554.0": 3.453441233817784, "572.0": 4.707453718928669, "590.0": 4.539145515496077, "608.0": 3.6109842562507715, "626.0": 251.30704436793053, "644.0": 14.308179977444558, "662.0": 6.1696090206569645, "680.0": 6.780378637328486, "698.0": 6.650956067216312, "716.0": 8.096380451187985, "734.0": 10.073372907514118, "752.0": 7.289472403673013, "770.0": 8.38136831308061, "788.0": 8.302957151974272, "806.0": 8.044975698484508, "824.0": 7.872374731171855, "842.0": 8.098678954318785, "860.0": 2.845420043211173, "878.0": 20.45430881457776, "896.0": 8.541373916414706, "914.0": 10.849563202661557, "932.0": 7.248543519340413, "950.0": 8.524966163881974, "968.0": 8.699126145535837, "986.0": 8.819256960915165}, "bl_median": 7.288, "bl_sigma": 2.1379092, "target_history": {"826.0": {"initial_kurt": 52.828}, "828.0": {"initial_kurt": 0}, "830.0": {"initial_kurt": 0}, "832.0": {"initial_kurt": 75.158}, "834.0": {"initial_kurt": 0}, "878.0": {"initial_kurt": 0}}, "total_cycles": 1378, "total_migrations": 90, "start_time": "2026-03-14T04:59:37.643900"}