{"baseline": {"400.0": 4.099546255384902, "406.0": 3.535, "412.0": 3.642, "418.0": 3.336836049232252, "424.0": 3.112, "430.0": 2.883, "436.0": 2.5715582925212503, "442.0": 2.714, "448.0": 2.588, "454.0": 2.5091013041132952, "460.0": 3.372, "466.0": 2.293, "472.0": 2.443359947414069, "478.0": 2.829, "484.0": 2.677, "490.0": 3.243329110875089, "496.0": 2.815, "502.0": 5.506, "508.0": 3.615798851448956, "514.0": 2.765, "520.0": 3.534, "526.0": 3.3796180393912305, "532.0": 3.289, "538.0": 3.28, "544.0": 3.5865562926154477, "550.0": 3.11, "556.0": 5.16, "562.0": 5.147083166968857, "568.0": 5.154, "574.0": 5.115, "580.0": 5.061853349858554, "586.0": 4.332, "592.0": 3.884, "598.0": 3.6573557965771952, "604.0": 4.157, "610.0": 4.432, "616.0": 5.941899037557999, "622.0": 8.22, "628.0": 45.234, "634.0": 40.13089233831169, "640.0": 5.876, "646.0": 24.588, "652.0": 9.674748640511321, "658.0": 5.638, "664.0": 5.449, "670.0": 7.3220739057747934, "676.0": 6.44, "682.0": 6.28, "688.0": 7.493359406289021, "694.0": 7.288, "700.0": 7.244, "706.0": 7.537560803490435, "712.0": 7.245, "718.0": 7.432, "724.0": 7.470749465526297, "730.0": 7.001, "736.0": 7.947, "742.0": 6.64015055778994, "748.0": 5.262, "754.0": 6.016, "760.0": 5.812171695804302, "766.0": 7.927, "772.0": 7.829, "778.0": 8.16001400950341, "784.0": 8.554, "790.0": 8.351, "796.0": 8.149674187238093, "802.0": 8.394, "808.0": 8.639, "814.0": 8.617474142011918, "820.0": 8.679, "826.0": 52.828, "832.0": 13.738667195196024, "838.0": 8.649, "844.0": 8.466, "850.0": 7.2885970626978445, "856.0": 8.565, "862.0": 8.356, "868.0": 7.45016747262613, "874.0": 15.039, "880.0": 10.035, "886.0": 6.073725476405176, "892.0": 8.238, "898.0": 8.503, "904.0": 8.406818943970514, "910.0": 8.647, "916.0": 8.502, "922.0": 8.263379570727134, "928.0": 8.537, "934.0": 8.45, "940.0": 8.639179592647793, "946.0": 8.565, "952.0": 8.701, "958.0": 8.825985499607222, "964.0": 8.482, "970.0": 8.73, "976.0": 8.855333409670264, "982.0": 8.696, "988.0": 9.084, "994.0": 8.889600167791565, "1000.0": 8.706, "50.0": 15.551468271150512, "68.0": 7.800774596291554, "86.0": 9.128924116875666, "104.0": 2.499685535688561, "122.0": 24.66224563189016, "140.0": 17.723209652095484, "158.0": 15.72441445934307, "176.0": 7.999449391883035, "194.0": 16.45863723285863, "212.0": 6.8070966457444735, "230.0": 8.48591674745848, "248.0": 6.590109781563548, "266.0": 3.876075545691802, "284.0": 3.475110758650071, "302.0": 5.145886577929101, "320.0": 5.024378131975514, "338.0": 5.422023631331518, "356.0": 4.120181345159131, "374.0": 3.644458403691741, "392.0": 4.734973423619984, "410.0": 3.4253424407516517, "428.0": 3.0452829424379115, "446.0": 3.2214774567510465, "464.0": 2.707784361246894, "482.0": 2.9436796306541204, "500.0": 3.0979552443016534, "518.0": 3.1089281557725625, "536.0": 2.722866690566892, "554.0": 3.454624615196945, "572.0": 4.713536824266634, "590.0": 4.63164706963672, "608.0": 3.6847426654616173, "626.0": 202.16642261340002, "644.0": 16.713354242943854, "662.0": 6.2203061074056505, "680.0": 6.9495138486284365, "698.0": 6.726002343032515, "716.0": 8.09107154973742, "734.0": 9.962796036392955, "752.0": 7.456222381761382, "770.0": 8.401622567184932, "788.0": 8.393531979451598, "806.0": 8.09961500391934, "824.0": 8.049275289400757, "842.0": 8.274050882415278, "860.0": 3.189746842032942, "878.0": 14.494485409080571, "896.0": 8.63623746135063, "914.0": 8.700234510539458, "932.0": 7.309481591007972, "950.0": 8.622882460186299, "968.0": 8.772481515633983, "986.0": 8.844262089556466}, "bl_median": 7.288, "bl_sigma": 2.1379092, "target_history": {"826.0": {"initial_kurt": 52.828}, "828.0": {"initial_kurt": 0}, "830.0": {"initial_kurt": 0}, "832.0": {"initial_kurt": 75.158}, "834.0": {"initial_kurt": 0}, "878.0": {"initial_kurt": 0}}, "total_cycles": 1366, "total_migrations": 84, "start_time": "2026-03-14T02:57:18.818487"}