{"baseline": {"400.0": 4.099546255384902, "406.0": 3.535, "412.0": 3.642, "418.0": 3.336836049232252, "424.0": 3.112, "430.0": 2.883, "436.0": 2.5715582925212503, "442.0": 2.714, "448.0": 2.588, "454.0": 2.5091013041132952, "460.0": 3.372, "466.0": 2.293, "472.0": 2.443359947414069, "478.0": 2.829, "484.0": 2.677, "490.0": 3.243329110875089, "496.0": 2.815, "502.0": 5.506, "508.0": 3.615798851448956, "514.0": 2.765, "520.0": 3.534, "526.0": 3.3796180393912305, "532.0": 3.289, "538.0": 3.28, "544.0": 3.5865562926154477, "550.0": 3.11, "556.0": 5.16, "562.0": 5.147083166968857, "568.0": 5.154, "574.0": 5.115, "580.0": 5.061853349858554, "586.0": 4.332, "592.0": 3.884, "598.0": 3.6573557965771952, "604.0": 4.157, "610.0": 4.432, "616.0": 5.941899037557999, "622.0": 8.22, "628.0": 45.234, "634.0": 40.13089233831169, "640.0": 5.876, "646.0": 24.588, "652.0": 9.674748640511321, "658.0": 5.638, "664.0": 5.449, "670.0": 7.3220739057747934, "676.0": 6.44, "682.0": 6.28, "688.0": 7.493359406289021, "694.0": 7.288, "700.0": 7.244, "706.0": 7.537560803490435, "712.0": 7.245, "718.0": 7.432, "724.0": 7.470749465526297, "730.0": 7.001, "736.0": 7.947, "742.0": 6.64015055778994, "748.0": 5.262, "754.0": 6.016, "760.0": 5.812171695804302, "766.0": 7.927, "772.0": 7.829, "778.0": 8.16001400950341, "784.0": 8.554, "790.0": 8.351, "796.0": 8.149674187238093, "802.0": 8.394, "808.0": 8.639, "814.0": 8.617474142011918, "820.0": 8.679, "826.0": 52.828, "832.0": 13.738667195196024, "838.0": 8.649, "844.0": 8.466, "850.0": 7.2885970626978445, "856.0": 8.565, "862.0": 8.356, "868.0": 7.45016747262613, "874.0": 15.039, "880.0": 10.035, "886.0": 6.073725476405176, "892.0": 8.238, "898.0": 8.503, "904.0": 8.406818943970514, "910.0": 8.647, "916.0": 8.502, "922.0": 8.263379570727134, "928.0": 8.537, "934.0": 8.45, "940.0": 8.639179592647793, "946.0": 8.565, "952.0": 8.701, "958.0": 8.825985499607222, "964.0": 8.482, "970.0": 8.73, "976.0": 8.855333409670264, "982.0": 8.696, "988.0": 9.084, "994.0": 8.889600167791565, "1000.0": 8.706, "50.0": 23.33185592638063, "68.0": 9.445470997784936, "86.0": 9.627831623431492, "104.0": 2.4688700994589596, "122.0": 24.90603289170897, "140.0": 21.555304987324302, "158.0": 11.819277029643912, "176.0": 8.185459967578996, "194.0": 15.29999786071667, "212.0": 6.898918707860413, "230.0": 8.145434015168242, "248.0": 6.477179907113057, "266.0": 3.79507869445297, "284.0": 3.497748301430354, "302.0": 5.364934211653528, "320.0": 5.07974898043469, "338.0": 5.020504197414569, "356.0": 4.093415671517108, "374.0": 3.6115623814856463, "392.0": 4.81319664456381, "410.0": 3.454382472005048, "428.0": 3.04350299519298, "446.0": 3.1815472398458993, "464.0": 2.688783826236709, "482.0": 2.948430706744155, "500.0": 3.174778700560969, "518.0": 3.1050632800075433, "536.0": 2.7702242899557823, "554.0": 3.4433592993874367, "572.0": 4.819831333295561, "590.0": 4.6760926290504905, "608.0": 3.6760100446912682, "626.0": 182.313320493596, "644.0": 14.983765037044439, "662.0": 6.391447082103017, "680.0": 7.034946170152061, "698.0": 6.725827879336462, "716.0": 8.15597437217734, "734.0": 8.226666281926775, "752.0": 7.715657668844059, "770.0": 8.35746372399636, "788.0": 8.401670077483406, "806.0": 7.984422138323239, "824.0": 9.622379296224974, "842.0": 8.31926943791814, "860.0": 3.3279924465393633, "878.0": 11.606461463929486, "896.0": 8.535730327669365, "914.0": 8.675471382621897, "932.0": 6.821261650318223, "950.0": 8.68529843623135, "968.0": 8.66061509417812, "986.0": 8.81330293719092}, "bl_median": 7.288, "bl_sigma": 2.1379092, "target_history": {"826.0": {"initial_kurt": 52.828}, "828.0": {"initial_kurt": 0}, "830.0": {"initial_kurt": 0}, "832.0": {"initial_kurt": 75.158}, "834.0": {"initial_kurt": 0}, "878.0": {"initial_kurt": 0}}, "total_cycles": 1333, "total_migrations": 84, "start_time": "2026-03-13T23:54:43.925698"}