{"baseline": {"400.0": 4.099546255384902, "406.0": 3.535, "412.0": 3.642, "418.0": 3.336836049232252, "424.0": 3.112, "430.0": 2.883, "436.0": 2.5715582925212503, "442.0": 2.714, "448.0": 2.588, "454.0": 2.5091013041132952, "460.0": 3.372, "466.0": 2.293, "472.0": 2.443359947414069, "478.0": 2.829, "484.0": 2.677, "490.0": 3.243329110875089, "496.0": 2.815, "502.0": 5.506, "508.0": 3.615798851448956, "514.0": 2.765, "520.0": 3.534, "526.0": 3.3796180393912305, "532.0": 3.289, "538.0": 3.28, "544.0": 3.5865562926154477, "550.0": 3.11, "556.0": 5.16, "562.0": 5.147083166968857, "568.0": 5.154, "574.0": 5.115, "580.0": 5.061853349858554, "586.0": 4.332, "592.0": 3.884, "598.0": 3.6573557965771952, "604.0": 4.157, "610.0": 4.432, "616.0": 5.941899037557999, "622.0": 8.22, "628.0": 45.234, "634.0": 40.13089233831169, "640.0": 5.876, "646.0": 24.588, "652.0": 9.674748640511321, "658.0": 5.638, "664.0": 5.449, "670.0": 7.3220739057747934, "676.0": 6.44, "682.0": 6.28, "688.0": 7.493359406289021, "694.0": 7.288, "700.0": 7.244, "706.0": 7.537560803490435, "712.0": 7.245, "718.0": 7.432, "724.0": 7.470749465526297, "730.0": 7.001, "736.0": 7.947, "742.0": 6.64015055778994, "748.0": 5.262, "754.0": 6.016, "760.0": 5.812171695804302, "766.0": 7.927, "772.0": 7.829, "778.0": 8.16001400950341, "784.0": 8.554, "790.0": 8.351, "796.0": 8.149674187238093, "802.0": 8.394, "808.0": 8.639, "814.0": 8.617474142011918, "820.0": 8.679, "826.0": 52.828, "832.0": 13.738667195196024, "838.0": 8.649, "844.0": 8.466, "850.0": 7.2885970626978445, "856.0": 8.565, "862.0": 8.356, "868.0": 7.45016747262613, "874.0": 15.039, "880.0": 10.035, "886.0": 6.073725476405176, "892.0": 8.238, "898.0": 8.503, "904.0": 8.406818943970514, "910.0": 8.647, "916.0": 8.502, "922.0": 8.263379570727134, "928.0": 8.537, "934.0": 8.45, "940.0": 8.639179592647793, "946.0": 8.565, "952.0": 8.701, "958.0": 8.825985499607222, "964.0": 8.482, "970.0": 8.73, "976.0": 8.855333409670264, "982.0": 8.696, "988.0": 9.084, "994.0": 8.889600167791565, "1000.0": 8.706, "50.0": 30.808838340802513, "68.0": 17.639736984072112, "86.0": 10.00861873940194, "104.0": 2.713179367816184, "122.0": 18.70181833284724, "140.0": 21.604895727416373, "158.0": 23.008786833528205, "176.0": 13.98892238612594, "194.0": 17.84314422757382, "212.0": 11.629011471057284, "230.0": 9.836012446231818, "248.0": 7.5248604907803625, "266.0": 4.663450240303616, "284.0": 3.590236515795796, "302.0": 6.758060808017568, "320.0": 6.772110412103954, "338.0": 6.9106281776509215, "356.0": 12.502230244535589, "374.0": 11.327098635226209, "392.0": 3.5056341583946393, "410.0": 5.020314747497378, "428.0": 2.6629588808160523, "446.0": 2.645856491265962, "464.0": 2.325963289423755, "482.0": 3.173755600490227, "500.0": 3.4915053235293323, "518.0": 3.26323798999245, "536.0": 3.7405709848429267, "554.0": 4.909107428198609, "572.0": 7.046990621149069, "590.0": 4.313321128027459, "608.0": 4.243013467909275, "626.0": 38.10657165264762, "644.0": 22.286551989156955, "662.0": 7.087752221273336, "680.0": 7.352668022673118, "698.0": 7.143881934828077, "716.0": 8.080165459167008, "734.0": 7.123773075005685, "752.0": 6.5448220726071575, "770.0": 8.225783621240708, "788.0": 8.221764038105908, "806.0": 8.387932357059732, "824.0": 8.386705266545738, "842.0": 8.510454876046468, "860.0": 3.669165687371972, "878.0": 17.692167533352574, "896.0": 8.34351335495421, "914.0": 8.731987573251194, "932.0": 7.122289308203633, "950.0": 8.694149016211432, "968.0": 8.878109202326723, "986.0": 8.913513655784065}, "bl_median": 7.288, "bl_sigma": 2.1379092, "target_history": {"826.0": {"initial_kurt": 52.828}, "828.0": {"initial_kurt": 0}, "830.0": {"initial_kurt": 0}, "832.0": {"initial_kurt": 75.158}, "834.0": {"initial_kurt": 0}, "878.0": {"initial_kurt": 0}}, "total_cycles": 2508, "total_migrations": 176, "start_time": "2026-03-15T15:04:52.007804", "last_update": "2026-03-15T22:59:35.266757+00:00"}