{"baseline": {"400.0": 4.099546255384902, "406.0": 3.535, "412.0": 3.642, "418.0": 3.336836049232252, "424.0": 3.112, "430.0": 2.883, "436.0": 2.5715582925212503, "442.0": 2.714, "448.0": 2.588, "454.0": 2.5091013041132952, "460.0": 3.372, "466.0": 2.293, "472.0": 2.443359947414069, "478.0": 2.829, "484.0": 2.677, "490.0": 3.243329110875089, "496.0": 2.815, "502.0": 5.506, "508.0": 3.615798851448956, "514.0": 2.765, "520.0": 3.534, "526.0": 3.3796180393912305, "532.0": 3.289, "538.0": 3.28, "544.0": 3.5865562926154477, "550.0": 3.11, "556.0": 5.16, "562.0": 5.147083166968857, "568.0": 5.154, "574.0": 5.115, "580.0": 5.061853349858554, "586.0": 4.332, "592.0": 3.884, "598.0": 3.6573557965771952, "604.0": 4.157, "610.0": 4.432, "616.0": 5.941899037557999, "622.0": 8.22, "628.0": 45.234, "634.0": 40.13089233831169, "640.0": 5.876, "646.0": 24.588, "652.0": 9.674748640511321, "658.0": 5.638, "664.0": 5.449, "670.0": 7.3220739057747934, "676.0": 6.44, "682.0": 6.28, "688.0": 7.493359406289021, "694.0": 7.288, "700.0": 7.244, "706.0": 7.537560803490435, "712.0": 7.245, "718.0": 7.432, "724.0": 7.470749465526297, "730.0": 7.001, "736.0": 7.947, "742.0": 6.64015055778994, "748.0": 5.262, "754.0": 6.016, "760.0": 5.812171695804302, "766.0": 7.927, "772.0": 7.829, "778.0": 8.16001400950341, "784.0": 8.554, "790.0": 8.351, "796.0": 8.149674187238093, "802.0": 8.394, "808.0": 8.639, "814.0": 8.617474142011918, "820.0": 8.679, "826.0": 52.828, "832.0": 13.738667195196024, "838.0": 8.649, "844.0": 8.466, "850.0": 7.2885970626978445, "856.0": 8.565, "862.0": 8.356, "868.0": 7.45016747262613, "874.0": 15.039, "880.0": 10.035, "886.0": 6.073725476405176, "892.0": 8.238, "898.0": 8.503, "904.0": 8.406818943970514, "910.0": 8.647, "916.0": 8.502, "922.0": 8.263379570727134, "928.0": 8.537, "934.0": 8.45, "940.0": 8.639179592647793, "946.0": 8.565, "952.0": 8.701, "958.0": 8.825985499607222, "964.0": 8.482, "970.0": 8.73, "976.0": 8.855333409670264, "982.0": 8.696, "988.0": 9.084, "994.0": 8.889600167791565, "1000.0": 8.706, "50.0": 31.587201024600756, "68.0": 20.389128774135237, "86.0": 11.641712650933261, "104.0": 2.112003899344731, "122.0": 18.97309500782181, "140.0": 18.96840508985178, "158.0": 23.034297629784085, "176.0": 15.464421087554351, "194.0": 17.664870591318053, "212.0": 9.794207248485117, "230.0": 8.86190776571898, "248.0": 7.174925111354579, "266.0": 5.094986008760693, "284.0": 3.548863962132001, "302.0": 6.150486485895056, "320.0": 6.790514614732526, "338.0": 7.208110507468749, "356.0": 31.170955222559286, "374.0": 9.931664388306558, "392.0": 3.6273530340158104, "410.0": 3.7392111942265087, "428.0": 2.6827430219632475, "446.0": 2.75845760604714, "464.0": 2.204151180741115, "482.0": 3.2769995156768204, "500.0": 3.155500006949234, "518.0": 3.2224401291768245, "536.0": 3.492988504087731, "554.0": 3.8754043261168336, "572.0": 4.875966815027659, "590.0": 4.124559751622355, "608.0": 4.268663856289155, "626.0": 134.4577746715481, "644.0": 25.145092693143994, "662.0": 7.415215459196439, "680.0": 7.489016754027859, "698.0": 7.078275480590159, "716.0": 7.872685622155748, "734.0": 8.059211904757031, "752.0": 6.199784967406239, "770.0": 8.378389860301525, "788.0": 8.396855577124683, "806.0": 8.460342508580327, "824.0": 7.8775030184731145, "842.0": 8.508385379957993, "860.0": 3.5009135562599356, "878.0": 72.07620532977117, "896.0": 8.58549776789903, "914.0": 9.035676563343154, "932.0": 8.268627232062574, "950.0": 8.688378518740077, "968.0": 8.934478960384643, "986.0": 9.004165887415905}, "bl_median": 7.288, "bl_sigma": 2.1379092, "target_history": {"826.0": {"initial_kurt": 52.828}, "828.0": {"initial_kurt": 0}, "830.0": {"initial_kurt": 0}, "832.0": {"initial_kurt": 75.158}, "834.0": {"initial_kurt": 0}, "878.0": {"initial_kurt": 0}}, "total_cycles": 18218, "total_migrations": 142, "start_time": "2026-03-15T13:53:05.362172", "last_update": "2026-03-15T18:58:05.512512+00:00"}