{"baseline": {"400.0": 4.099546255384902, "406.0": 3.535, "412.0": 3.642, "418.0": 3.336836049232252, "424.0": 3.112, "430.0": 2.883, "436.0": 2.5715582925212503, "442.0": 2.714, "448.0": 2.588, "454.0": 2.5091013041132952, "460.0": 3.372, "466.0": 2.293, "472.0": 2.443359947414069, "478.0": 2.829, "484.0": 2.677, "490.0": 3.243329110875089, "496.0": 2.815, "502.0": 5.506, "508.0": 3.615798851448956, "514.0": 2.765, "520.0": 3.534, "526.0": 3.3796180393912305, "532.0": 3.289, "538.0": 3.28, "544.0": 3.5865562926154477, "550.0": 3.11, "556.0": 5.16, "562.0": 5.147083166968857, "568.0": 5.154, "574.0": 5.115, "580.0": 5.061853349858554, "586.0": 4.332, "592.0": 3.884, "598.0": 3.6573557965771952, "604.0": 4.157, "610.0": 4.432, "616.0": 5.941899037557999, "622.0": 8.22, "628.0": 45.234, "634.0": 40.13089233831169, "640.0": 5.876, "646.0": 24.588, "652.0": 9.674748640511321, "658.0": 5.638, "664.0": 5.449, "670.0": 7.3220739057747934, "676.0": 6.44, "682.0": 6.28, "688.0": 7.493359406289021, "694.0": 7.288, "700.0": 7.244, "706.0": 7.537560803490435, "712.0": 7.245, "718.0": 7.432, "724.0": 7.470749465526297, "730.0": 7.001, "736.0": 7.947, "742.0": 6.64015055778994, "748.0": 5.262, "754.0": 6.016, "760.0": 5.812171695804302, "766.0": 7.927, "772.0": 7.829, "778.0": 8.16001400950341, "784.0": 8.554, "790.0": 8.351, "796.0": 8.149674187238093, "802.0": 8.394, "808.0": 8.639, "814.0": 8.617474142011918, "820.0": 8.679, "826.0": 52.828, "832.0": 13.738667195196024, "838.0": 8.649, "844.0": 8.466, "850.0": 7.2885970626978445, "856.0": 8.565, "862.0": 8.356, "868.0": 7.45016747262613, "874.0": 15.039, "880.0": 10.035, "886.0": 6.073725476405176, "892.0": 8.238, "898.0": 8.503, "904.0": 8.406818943970514, "910.0": 8.647, "916.0": 8.502, "922.0": 8.263379570727134, "928.0": 8.537, "934.0": 8.45, "940.0": 8.639179592647793, "946.0": 8.565, "952.0": 8.701, "958.0": 8.825985499607222, "964.0": 8.482, "970.0": 8.73, "976.0": 8.855333409670264, "982.0": 8.696, "988.0": 9.084, "994.0": 8.889600167791565, "1000.0": 8.706, "50.0": 29.12520948130437, "68.0": 20.4473708721458, "86.0": 12.747349990126354, "104.0": 2.710288143316494, "122.0": 10.402392824625466, "140.0": 11.978946090424479, "158.0": 22.736550110682348, "176.0": 11.35001745552133, "194.0": 19.675917787459085, "212.0": 9.353280223619457, "230.0": 8.503628554406733, "248.0": 6.860554594210718, "266.0": 3.5978567762888445, "284.0": 3.4119301443128873, "302.0": 6.119929045032359, "320.0": 7.401712957029504, "338.0": 6.282271257027842, "356.0": 4.177159126631396, "374.0": 7.704714627536355, "392.0": 4.230336340464809, "410.0": 3.118565862467706, "428.0": 2.5893124710742934, "446.0": 2.6603108794119033, "464.0": 2.0885409702645843, "482.0": 3.28926979608351, "500.0": 4.581613702958925, "518.0": 3.087765021211757, "536.0": 3.283495048238087, "554.0": 4.608634019587635, "572.0": 4.813576014795014, "590.0": 3.9479391652162894, "608.0": 3.6823398474882056, "626.0": 14.59335198256699, "644.0": 28.066398857451542, "662.0": 6.50218279011143, "680.0": 7.835314170650162, "698.0": 7.114857519698886, "716.0": 8.577276227174647, "734.0": 6.132239756765852, "752.0": 5.666437665130781, "770.0": 8.057742071588187, "788.0": 8.327942780167724, "806.0": 8.364549581512149, "824.0": 50.37904466945532, "842.0": 8.44012116778229, "860.0": 4.560241983913196, "878.0": 14.618277316940679, "896.0": 8.373447803334036, "914.0": 8.316710261012624, "932.0": 7.552075994962161, "950.0": 8.503652534707996, "968.0": 8.840122369955715, "986.0": 8.943001020098713}, "bl_median": 7.288, "bl_sigma": 2.1379092, "target_history": {"826.0": {"initial_kurt": 52.828}, "828.0": {"initial_kurt": 0}, "830.0": {"initial_kurt": 0}, "832.0": {"initial_kurt": 75.158}, "834.0": {"initial_kurt": 0}, "878.0": {"initial_kurt": 0}}, "total_cycles": 1274, "total_migrations": 70, "start_time": "2026-03-13T18:56:39.844662"}